time,polarity,subjectivity,bad,depressed,encouraged,happy,joy,loving
2020-04-24 00:00:00,0.1028560656588,0.3692674187674185,0.31125598807183624,0.15833357229680955,0.02855574241325818,0.0373097830333382,0.03779285615605678,0.362119535416226
2020-04-24 00:01:00,0.09799964184016044,0.3796625336180986,0.3033294094473308,0.16510940049776637,0.036607820943748176,0.04083112169887348,0.04318915483804391,0.3550376012925422
2020-04-24 00:02:00,0.06739305263422499,0.31426954777802235,0.32546075091004706,0.17428074320993653,0.026710631003966735,0.033347101233866104,0.0375821149324668,0.33672552381705856
2020-04-24 00:03:00,0.07505611900274499,0.3597469121738128,0.2910262704178438,0.15951628107157173,0.020080167519745323,0.03491429025214726,0.02771411852419734,0.40769854723884213
2020-04-24 00:04:00,0.08720360750587125,0.35712366866734346,0.2961077706822396,0.16394666798415605,0.025725772393869435,0.04168342446855067,0.03823388902623782,0.36866687791890373
2020-04-24 00:05:00,0.07946405942767788,0.3627461278337448,0.30623915531970647,0.15937213297097216,0.03010637804162291,0.04539876895862273,0.04082147247465807,0.36058270204083254
2020-04-24 00:06:00,0.0652841604823748,0.32167965367965373,0.31156025595718345,0.18684079920552904,0.02471311627357835,0.02900503093079635,0.037713499278744254,0.3483466786658388
2020-04-24 00:07:00,0.09422843219159009,0.34426253867964407,0.30987696428507516,0.17007629336194918,0.02939792038205598,0.03641074911889432,0.03740306346104041,0.3584213740330207
2020-04-24 00:08:00,0.05177852405530978,0.32175209710923985,0.3163483467151009,0.16481494619282394,0.03058773576286625,0.03156034858781256,0.035882911555944,0.36073503928587697
2020-04-24 00:09:00,0.035754451787449584,0.28334657273631325,0.30074273852300876,0.1737130373424767,0.031179024181959225,0.03588187596452459,0.042026280949895835,0.3576374662126283
2020-04-24 00:10:00,0.05240379416229303,0.29457299862093594,0.31545934887705024,0.1640991415350043,0.022754039607821606,0.03163186468426669,0.035364790929963766,0.3684947877337303
2020-04-24 00:11:00,0.06555882035414913,0.37316463556697926,0.30508257072354655,0.16055702055632537,0.025109754373332554,0.03186148256582788,0.03407114446233006,0.388269292145802
2020-04-24 00:12:00,0.12824098749676777,0.3372384535823843,0.2949654333071358,0.1646163625156798,0.029316585760999006,0.0375289331639794,0.04861109187403106,0.3599241160130019
2020-04-24 00:13:00,0.04169196767987093,0.32447277806820823,0.30797166132927695,0.19349970938946104,0.0191731146980203,0.030863087103657514,0.030126221318738086,0.3497871707315286
2020-04-24 00:14:00,0.06388763791602217,0.34090925126951316,0.2992812287908181,0.18668498031689032,0.020911347487532223,0.028284203398719305,0.033466627294979345,0.36623416916877943
2020-04-24 00:15:00,0.06700471578594823,0.3598463736717392,0.31012415233713037,0.18075611356517032,0.025671453010644968,0.03857528894771984,0.03574074957556409,0.3448869125863925
2020-04-24 00:16:00,0.08135173050427287,0.32037192797786024,0.3004117742118999,0.18065019842897578,0.0355949292130519,0.04282958475937577,0.046532374475354465,0.3354802792128909
2020-04-24 00:17:00,0.04036120499059096,0.3733256478738934,0.3114763316460095,0.17582750183127463,0.017038101581999247,0.024761078805782346,0.02585715448089957,0.38470529191664316
2020-04-24 00:18:00,0.06322668908472483,0.40522445543874097,0.3154648692068055,0.1645729047133286,0.03411693434380783,0.03969833144053075,0.048451152443721626,0.33445506170802847
2020-04-24 00:19:00,0.07080102985303184,0.3325654576698104,0.295416146174648,0.18724846322038502,0.024303391581371292,0.03063162401610242,0.03243508515422429,0.366084763643443
2020-04-24 00:20:00,0.06651840595605399,0.33784562845730964,0.32195529032039366,0.18577579496026705,0.020748340678711487,0.027490941386495514,0.02668677209546577,0.35560434824691844
2020-04-24 00:21:00,0.057715209578780964,0.33888821411392844,0.3083410008280979,0.18250246535785533,0.03196049564034346,0.03878702019341485,0.04229103590926367,0.3308216533790771
2020-04-24 00:22:00,0.061700490122903906,0.36271391730874475,0.3129582253226545,0.1742316734542516,0.021301789204465394,0.04003360577850764,0.031698419984455044,0.3565723657443435
2020-04-24 00:23:00,0.0715336364022642,0.3289187514327178,0.3154049454058206,0.18124627935724183,0.018575352859932986,0.029077988643606605,0.027054956528809238,0.3628078263731637
2020-04-24 00:24:00,0.05907690782541974,0.34242765738450265,0.31086371672132546,0.16182797691631312,0.03635558528918806,0.042340022726608965,0.046123775067385624,0.3453275395194862
2020-04-24 00:25:00,0.08796520836373363,0.31594012456020887,0.30147900171509256,0.16524575860517524,0.029843132434381824,0.029845701804896343,0.033030540633372255,0.3819914393655407
2020-04-24 00:26:00,0.08758398863867611,0.3420834605209606,0.30464573626224406,0.15869708578285122,0.030803937376340594,0.04582683475021044,0.04540584028843634,0.3504315174351897
2020-04-24 00:27:00,0.08424313734332116,0.352090062034915,0.33738393163863184,0.18250776132815244,0.019611689494063878,0.02393212995466807,0.026384673855603117,0.34729073844226804
2020-04-24 00:28:00,0.06900640676870183,0.3495238574924367,0.30973553702300743,0.17345826431190917,0.028657447649804296,0.03612321096164852,0.03984107624464801,0.3505021195316077
2020-04-24 00:29:00,0.06948413765446944,0.34463703948657654,0.3147774975857402,0.1653443061035724,0.03152255225922951,0.041731061047452715,0.049618953340952225,0.33352862136046096
2020-04-24 00:30:00,0.08680963180418755,0.3689788334648961,0.31040072199453084,0.16454087064136225,0.02435985086474966,0.032528237063092685,0.03707018704127121,0.3689483639229236
2020-04-24 00:31:00,0.07389457288784819,0.3542029940289434,0.3293890062766739,0.16474694050656916,0.02423002234082968,0.027855618830687982,0.03121164571547099,0.36423885120046423
2020-04-24 00:32:00,0.09488641214635538,0.3532291782291781,0.32575931420135684,0.17606539279090197,0.020787501800862026,0.025394884940684325,0.02633525699274494,0.36553713783029096
2020-04-24 00:33:00,0.1141665070415071,0.40322482459982456,0.3104329781468747,0.15784339069511122,0.03872203881001473,0.03854699135713836,0.04446496125866325,0.354062117932353
2020-04-24 00:34:00,0.08789388635909864,0.3868984529330441,0.3160544282592419,0.16546092931196843,0.03008947941129371,0.03227014030198344,0.0490164778312661,0.3502067198600536
2020-04-24 00:35:00,0.060353143570885524,0.35456422908035806,0.3120247498368694,0.17355134793390115,0.03588785442575646,0.03677807238249252,0.04389294946992086,0.33984702700568703
2020-04-24 00:36:00,0.05012517102646676,0.3365562240943338,0.3228786577021266,0.17037699684194038,0.031082322782833134,0.03345999629808339,0.041690635397732635,0.34461826067872053
2020-04-24 00:37:00,0.07629821054247865,0.34577572109042565,0.31026370110591,0.17479550242847994,0.026835137102147414,0.03138579118481831,0.036064176200818726,0.3617177610846081
2020-04-24 00:38:00,0.05547733661014912,0.3577796277796277,0.33474800968466106,0.16071699742401266,0.02406651037375546,0.027549859274061703,0.032064556421495076,0.36414976506784924
2020-04-24 00:39:00,0.09029961997595926,0.3765399165399165,0.32389831526470025,0.17704346527495324,0.029138652083056046,0.039300133251988674,0.03881915375159285,0.3311977744247207
2020-04-24 00:40:00,0.06106040325989856,0.3305657965338089,0.2927224785369685,0.18016093235322989,0.031362134432267826,0.035647459223118065,0.04092135495284884,0.3578819263963626
2020-04-24 00:41:00,0.058049803049803055,0.3704020172770173,0.32169744905085945,0.17314368087681942,0.023951074848158626,0.02514774355393731,0.028976933766430776,0.37111915039359467
2020-04-24 00:42:00,0.045182051068381475,0.3580606684846451,0.2994651420723391,0.16729562378291732,0.030909003536933752,0.0399574125659437,0.04503086567081675,0.3546309664584004
2020-04-24 00:43:00,0.09451002041836308,0.3328039952772096,0.31168590066912916,0.1732119880506486,0.03391285204722187,0.037051421755625466,0.04341334775858802,0.3410924865731169
2020-04-24 00:44:00,0.06228111100302109,0.3697519064372998,0.3231554262175333,0.16914858820149511,0.028995710156405695,0.030406078565583448,0.03612616688890912,0.34964728692186414
2020-04-24 00:45:00,0.07411753900761442,0.3758130035328528,0.3192400442524892,0.16822063465509535,0.02102550945670222,0.02984850276195904,0.03237432832414259,0.369827184857433
2020-04-24 00:46:00,0.07747140431407672,0.3476632001991197,0.31905505370804316,0.16502977213347278,0.02359497182886772,0.030882634280926177,0.034338507629503225,0.36627583697317545
2020-04-24 00:47:00,0.06265227616299042,0.30992059963845686,0.3234115498491467,0.1725483417765021,0.02486800168115437,0.03093849863350881,0.0433263366698582,0.3422338517708701
2020-04-24 00:48:00,0.06159286900463369,0.3650217447313034,0.31346649733228227,0.17626511038679918,0.03151596770583851,0.03789087410712384,0.040716048770027206,0.34227751185056077
2020-04-24 00:49:00,0.040543501535826094,0.3758142213356636,0.31459119887062625,0.18095758304209925,0.022515575622808807,0.02723607446835808,0.031897149396320615,0.3592781223552787
2020-04-24 00:50:00,0.057665147569444464,0.35869614673520916,0.31756438005947984,0.17757471617283044,0.020995241327896586,0.02679675298636326,0.03725036212556798,0.3586285530858727
2020-04-24 00:51:00,0.05457416804740815,0.33362235663226575,0.30918217669214215,0.1683046710733802,0.023289443545899426,0.034294317980615066,0.033496139567310464,0.36726347944965687
2020-04-24 00:52:00,0.03367576202336475,0.33606942714819427,0.3491834214603854,0.17755289003053643,0.017570965782470034,0.024035671975072673,0.025809779360088603,0.34007034869107067
2020-04-24 00:53:00,0.03921351759403922,0.3644975577106686,0.30124502408618453,0.17100175087695166,0.02424163686024092,0.030254004226516206,0.03336629563033935,0.37668312262547604
2020-04-24 00:54:00,0.08249376491563996,0.34513119981869994,0.3149208326490808,0.17856683809804963,0.027329670726169424,0.02879534936850165,0.033507103873077426,0.35798903161029966
2020-04-24 00:55:00,0.05897818042172882,0.377460162298872,0.30979149968637015,0.1639106476255444,0.02278196961960836,0.025327018969946654,0.039825488994586614,0.380425937710829
2020-04-24 00:56:00,0.054429522215262864,0.38306967310904316,0.31571889792858415,0.1851589918104743,0.025886940150693052,0.030358285775694133,0.03856633384533758,0.3439725150884027
2020-04-24 00:57:00,0.047314628361418,0.34593674186570356,0.3099197638774535,0.16971085799423485,0.021796282574911775,0.03292721463495474,0.03365469982181256,0.3702634866139433
2020-04-24 00:58:00,0.047797826656382256,0.37401337371522725,0.33821404851528025,0.1808000218995944,0.01671894752298112,0.02504689722641045,0.03054677027972388,0.34520289767275264
2020-04-24 00:59:00,0.03922793171159649,0.35053970518418553,0.3294636449827994,0.1675852741116307,0.024177203697967938,0.03233117663828122,0.030994575111615495,0.3567265643059368
2020-04-24 01:00:00,0.08670712666684056,0.3285333690461701,0.3050278044671271,0.1666805881687618,0.027584832074079014,0.0323825092415462,0.0447501184548119,0.35985981127954086
2020-04-24 01:01:00,0.04955381210535364,0.3410444659119157,0.3283138981816787,0.16651946711543425,0.015706541452655695,0.020525502822980213,0.020752329676455954,0.38704647389303043
2020-04-24 01:02:00,0.1153484191314363,0.3594215736589248,0.2969376836626054,0.16510426617358892,0.0326757979642704,0.04334299031026805,0.048785051744013055,0.34370254695325664
2020-04-24 01:03:00,0.045799784423036186,0.34599006439041396,0.30118941604603455,0.1671325714509345,0.018556598140742894,0.026109589168155964,0.026296353164537822,0.4017986255613198
2020-04-24 01:04:00,0.099286843880781,0.36891850733542336,0.3154888362283916,0.17023749034083238,0.029556434965343725,0.0349823826000929,0.03875400186297729,0.3489564334259831
2020-04-24 01:05:00,0.08798369180263371,0.3681250390285477,0.3128608524988607,0.1655298701304689,0.028892123439121044,0.03467040221717795,0.038587408897746325,0.36064430762406374
2020-04-24 01:06:00,0.04683521243417078,0.34342237623487615,0.30703204304471654,0.17250328646500399,0.026461147333889767,0.033175526323373394,0.039163487743098885,0.36108225158815643
2020-04-24 01:07:00,0.038768676739409015,0.3448578158988607,0.3306236391845368,0.1698799095126981,0.032849896019567865,0.03542349147405917,0.041168387186280214,0.33558201744245386
2020-04-24 01:08:00,0.0669781633968297,0.35746403774509367,0.3023812574388696,0.1803287359698007,0.025513397140372592,0.037631216256858016,0.03541431194829569,0.35476138180422506
2020-04-24 01:09:00,0.07904155930048787,0.347271595888479,0.2979954995478149,0.1689571749313898,0.0339777695057763,0.03506754299640191,0.04753386208839095,0.35792910893955643
2020-04-24 01:10:00,0.08441133183527763,0.2854197650854276,0.31496576830977574,0.16596936511132845,0.029363252866968625,0.03642600196327206,0.03876129076175285,0.3521938732157581
2020-04-24 01:11:00,0.06371004274781117,0.3321213526589294,0.31696493152323313,0.17578239078802038,0.022899591393703726,0.02864719483106007,0.033627264137290586,0.3595116244821137
2020-04-24 01:12:00,0.02895862551002638,0.37638682017216474,0.31653816242750477,0.18075389918291154,0.022845172503178263,0.03389868330414841,0.03387144157293611,0.354838126905033
2020-04-24 01:13:00,0.07904578122494792,0.32549523192856533,0.3222654598908654,0.171618500018958,0.022150568676927614,0.02929067946785229,0.03349698361470132,0.3577904707193366
2020-04-24 01:14:00,0.07095873216681321,0.31684663449975947,0.31967291067539916,0.17004555925932435,0.01667731451749972,0.021704576018289855,0.023783996319083744,0.3862480773590502
2020-04-24 01:15:00,0.0662371607359195,0.35676983452684385,0.3117313816102774,0.16810646323511574,0.02140163763682148,0.033702981091447946,0.030321730352437713,0.37344423489493794
2020-04-24 01:16:00,0.07748647653335153,0.3669577457389959,0.313909214961805,0.16239017677268036,0.027670695747847706,0.030956264785700297,0.0373080594686187,0.3751064652326905
2020-04-24 01:17:00,0.06611658238421633,0.407998181902423,0.3091544181052086,0.1818056577855714,0.023006583952768223,0.02724272748400338,0.030300187813579616,0.36823271327884555
2020-04-24 01:18:00,0.04949819920076618,0.38158549327243524,0.3227876866998486,0.16009750828270625,0.021245466326459052,0.02398131499284393,0.027675242973158022,0.38671958498089204
2020-04-24 01:19:00,0.022591516413923568,0.34796348404681743,0.33183041629761095,0.17012916381847942,0.019247073095777174,0.028579575942261893,0.025201003390684762,0.36750108628969047
2020-04-24 01:20:00,0.05885744376056066,0.34655919389783413,0.32559533774377974,0.18341405512919334,0.02255038319844656,0.026024491925270926,0.03179965830870015,0.3497791049419192
2020-04-24 01:21:00,0.06539378298370042,0.33202536937206745,0.31597381755417236,0.1563635171357573,0.02603698287774827,0.0655099355709831,0.0452108379124153,0.32908230687238244
2020-04-24 01:22:00,0.05663401750641336,0.33669823232323237,0.33912292385422105,0.18229497350855833,0.019207449890856765,0.028448516815062577,0.030136906273651693,0.33877437347028805
2020-04-24 01:23:00,0.08766272413351667,0.3790276311642263,0.31239054567812086,0.18276475386874277,0.019631190996811314,0.03173543197189704,0.02904628999884249,0.3616005836488446
2020-04-24 01:24:00,0.05241934734607855,0.31496054760095105,0.3148763045000477,0.17197878750744341,0.02047444496568275,0.028515178596065907,0.03276451766748019,0.36423005581342777
2020-04-24 01:25:00,0.08168740172266646,0.3900360266019986,0.3165829640467564,0.158671005299099,0.023672692655633813,0.03621859408555158,0.033873629023852284,0.36921556664197375
2020-04-24 01:26:00,0.060411424732166485,0.35313118261469917,0.300756141229067,0.16310148439582778,0.04006034242671666,0.039420238743513254,0.047875313164689494,0.35019993070208516
2020-04-24 01:27:00,0.06309805066079999,0.34069396373917643,0.32515627363854366,0.15716266442165974,0.02578662463481864,0.03094351286663722,0.0374784516560374,0.3706483114489095
2020-04-24 01:28:00,0.0424042774498908,0.32082275356343676,0.30757320165939295,0.1513080953857905,0.019104870483433553,0.031534072335606546,0.029811645631025313,0.4072929385656123
2020-04-24 01:29:00,0.040226506454009256,0.31808961481275866,0.31323510349002176,0.15918753965009338,0.03340217290132241,0.03247789021448593,0.04201516648771609,0.3646931701099602
2020-04-24 01:30:00,0.07553088993359329,0.3456159891750898,0.31683936310631505,0.1592047208077206,0.02759115207340347,0.0389850591092404,0.03923612764745563,0.3562595434043607
2020-04-24 01:31:00,0.06012876277657527,0.3663620418470419,0.3151952068135142,0.1695297866326291,0.017809220166341764,0.036347855315014686,0.029448230044829795,0.37059918241342427
2020-04-24 01:32:00,0.06276701623936613,0.32458794292127635,0.31861849532012215,0.17232353557236005,0.02547835489882349,0.03432697406229254,0.03519657266880825,0.3528647976744845
2020-04-24 01:33:00,0.06634934690449239,0.3331511705727223,0.33101149986875406,0.16650885410651017,0.02225023954239618,0.02539755821107386,0.028753155761585922,0.3697865039860859
2020-04-24 01:34:00,0.03533849409821206,0.33692109135782916,0.3160439632371957,0.1778374884987254,0.0226205954155671,0.02803341142009339,0.033093945194876316,0.3560517045055946
2020-04-24 01:35:00,0.024700004892163282,0.37388707019918205,0.32686139650242285,0.1797829640342135,0.018925404967606158,0.029377934992983044,0.028826622537492342,0.3527858392725933
2020-04-24 01:36:00,0.07952432721244401,0.3705464762454894,0.32494807249512586,0.15523584112514455,0.02442514769313371,0.037855752314329146,0.033567021577483716,0.3677354512470435
2020-04-24 01:37:00,0.029139876684243962,0.2638616618863532,0.32682214036115365,0.17621765201059775,0.020353903109212434,0.024029985275302788,0.026918750409986154,0.3657736742673553
2020-04-24 01:38:00,0.05871716218514998,0.35785408344478487,0.32349875130230654,0.16636403248989287,0.0214924719126816,0.02611939808475973,0.03008325290438931,0.37385794102418646
2020-04-24 01:39:00,0.06361932645852737,0.32362098414946505,0.32776495368997977,0.17524079742835527,0.020678774952833646,0.029178692747958975,0.02891863571649034,0.3552914329301972
2020-04-24 01:40:00,0.0719210047123581,0.36521192953523784,0.3053773538633631,0.15835187873191728,0.022819569163532023,0.034870623183177,0.03400624767703798,0.3840065830637693
2020-04-24 01:41:00,0.07155575303527888,0.323372563898426,0.3299377792962959,0.17539654105195698,0.017416137824620124,0.020669559744829587,0.029933420624471234,0.3655766256322179
2020-04-24 01:42:00,0.07917143772962364,0.34319056292654015,0.29934035543819454,0.16935281440786348,0.02937586984081539,0.03862437591939215,0.04330297047401661,0.35912395205435793
2020-04-24 01:43:00,0.03225922055973241,0.32183083056789935,0.329183881287463,0.16813296700410288,0.026299168515666167,0.030342002779081337,0.034332561596520976,0.35398252500775074
2020-04-24 01:44:00,0.06972946144087082,0.39193790735737033,0.33161301249419434,0.18184931326339931,0.020026024432360828,0.023634892535482278,0.02745764486562987,0.3547334862820608
2020-04-24 01:45:00,0.03883461681411137,0.37253283666681575,0.31839906068839063,0.17320332367449676,0.016098581940521075,0.02846547342080069,0.02408151194206755,0.38089213563006874
2020-04-24 01:46:00,0.05587639817569865,0.3392754342074992,0.31420262030748575,0.16342133091988534,0.023875039319535715,0.033863014510914384,0.03011967619701904,0.3772937945175361
2020-04-24 01:47:00,0.03203002164502165,0.33023634199134194,0.33908931357992694,0.16845153784805733,0.030365345974032322,0.02899540051832628,0.0342672407769636,0.33995185126783306
2020-04-24 01:48:00,0.057182634195673765,0.44138800701030895,0.3155771558329617,0.16238907366474292,0.026151376318255374,0.04750489862361084,0.03539152831101203,0.354335863438012
2020-04-24 01:49:00,0.08038505450712481,0.38331237599206347,0.2901342744538852,0.1511811601428235,0.02776893298578864,0.03402407429999386,0.0440875869664926,0.3924382095763574
2020-04-24 01:50:00,0.050229483905470745,0.3611316129654945,0.3307141463155858,0.1640018866463307,0.03172260906388208,0.03275897180085177,0.03682623648359692,0.3475218042991674
2020-04-24 01:51:00,0.06305805602228132,0.34520851382617534,0.3082824520976442,0.16107034811712978,0.02317626907554619,0.03104684466468246,0.031198566710289272,0.38795726879002235
2020-04-24 01:52:00,0.05900303703131084,0.3988723783565052,0.3172319212693736,0.1662824605194305,0.021835179761908585,0.03293101511929575,0.03261043901257289,0.37432431661531196
2020-04-24 01:53:00,0.052569251847964966,0.3399913473871808,0.3194321196254653,0.1590470024798728,0.02825684985427709,0.03537239499077279,0.038559511913743925,0.35938914040643577
2020-04-24 01:54:00,0.031598591533804975,0.3289006462710729,0.31740933200330246,0.16758601136905604,0.0246329990935643,0.02817739554398804,0.03281820239959738,0.3682938834766584
2020-04-24 01:55:00,0.06315517874824014,0.32623831855974705,0.30775624700138304,0.16241193972263776,0.036238300283650146,0.047878860615513164,0.04547131098895284,0.342339100473864
2020-04-24 01:56:00,0.09596471522252772,0.3196978146978147,0.30639544491557014,0.16898713961435952,0.03307784088117436,0.040802789327390634,0.04642497108846818,0.34391439946468993
2020-04-24 01:57:00,0.0558626296557133,0.34161396881985107,0.3158753433669203,0.17005614638459493,0.020934852261184536,0.031706878979161454,0.030341719990278068,0.3649812986975163
2020-04-24 01:58:00,0.10862867530420724,0.35372424856467416,0.3224456117357167,0.16345011253766087,0.029515460465078892,0.034447541854275406,0.04088320804984302,0.3493944626237123
2020-04-24 01:59:00,0.005962992086038962,0.37760449077831887,0.30401606745908794,0.1577788309114112,0.03214766668329094,0.04052530668427323,0.047669627627135114,0.36043206258909727
2020-04-24 02:00:00,0.06634738772547963,0.3614974241829368,0.3014727013314608,0.17024847641235286,0.02918580319831749,0.04463215640378942,0.04561035920568262,0.34853537687406494
2020-04-24 02:01:00,0.02691747074656026,0.3362213440994305,0.31641883993547204,0.17696570168554002,0.02605833225744034,0.03202173715356978,0.03577336281644531,0.352181259657681
2020-04-24 02:02:00,0.057521879569908084,0.3695241000610129,0.32090171930714567,0.17873169051242238,0.023912556409411926,0.02457199686749477,0.029021540934052816,0.3663903951840995
2020-04-24 02:03:00,0.040799014953821336,0.3369844258666722,0.30705513199559326,0.17975386213937242,0.02612757220344897,0.04307755965716415,0.03966777877854159,0.34052403690462113
2020-04-24 02:04:00,0.04486292382194699,0.40475142468519953,0.3007965323639843,0.15216864048031029,0.022555671149707707,0.04016680910943639,0.03470838848326237,0.38486206030803816
2020-04-24 02:05:00,0.06620250717766245,0.3556380030712327,0.3022497942585902,0.1635380961426269,0.023339264691048838,0.03871929418534808,0.04199652550492048,0.3683173581560121
2020-04-24 02:06:00,0.055285607439269885,0.35897960496686604,0.31268687180564503,0.17328673724035412,0.024422628348890526,0.030803974981152723,0.03392544561007241,0.36188258914019295
2020-04-24 02:07:00,0.054178870222437746,0.362482978295022,0.3085427438577592,0.16346237461957772,0.026682034973805675,0.0410515368864741,0.04164087484751602,0.36143145877460026
2020-04-24 02:08:00,0.0655305234577362,0.34727764595078264,0.3269223327273416,0.16509278703931798,0.022507424680932447,0.03551618048787413,0.03398562824534211,0.3545626226197256
2020-04-24 02:09:00,0.0303407352100732,0.3475783143277336,0.3141471242903149,0.1526153345078389,0.028700355547319086,0.04209373984984954,0.03582397519243453,0.3749282428241382
2020-04-24 02:10:00,0.07048078448686089,0.33533564300925417,0.3163024549700182,0.15944621855314722,0.021279489376708618,0.0331943124364828,0.031411282845197966,0.37854311592232986
2020-04-24 02:11:00,0.05818415386421339,0.3668992026957914,0.30872461869670914,0.18563771522241998,0.023011072193956997,0.038471365285406095,0.03567893572890686,0.34495014122699164
2020-04-24 02:12:00,0.06455721057694741,0.3811545000443027,0.3211035672862923,0.1723104508555001,0.023020863512125834,0.034654016995830636,0.03911420949075515,0.35183209955261835
2020-04-24 02:13:00,0.0990341899700996,0.35311469230044307,0.3268587965507572,0.1722459409127984,0.02231021473755851,0.03220046459510847,0.030444233381612902,0.3548086423227803
2020-04-24 02:14:00,0.04199655303030304,0.42951623376623355,0.33475902647641487,0.16622684668551665,0.018056327355856838,0.0330951306442139,0.025838692441665784,0.36909255391685275
2020-04-24 02:15:00,0.03812044110448462,0.38523832434917993,0.33620946876094376,0.1608486719754966,0.026402586270286823,0.031769829945881914,0.03315014903983438,0.3585358754383618
2020-04-24 02:16:00,0.09426504916717457,0.33838479067516325,0.3082458583612041,0.16476112277889104,0.026370664085321748,0.03480382639529382,0.034681969429610694,0.3715631579748866
2020-04-24 02:17:00,0.03461214960028251,0.40330065079669497,0.31569217473968564,0.16653964519304557,0.032509402748209126,0.036072385092365135,0.0448501578884214,0.35057520366508094
2020-04-24 02:18:00,0.03191895038858244,0.3442005655634687,0.32338879590702896,0.17429884855303118,0.01990640343917451,0.03226980822025358,0.03020432082074282,0.35808306990206284
2020-04-24 02:19:00,0.04332357160035731,0.36615948601662895,0.32242247851827416,0.16998795321913868,0.017492652420605027,0.023141206177751884,0.022758820606885267,0.39045450066083204
2020-04-24 02:20:00,0.059645995129812106,0.34958883442812,0.3159970479027834,0.17597048074644958,0.020344470913083168,0.03159534698531505,0.031237112922884048,0.36623322708938044
2020-04-24 02:21:00,0.06754407976282976,0.35960448876520307,0.31948718788142705,0.1840633495390788,0.02473767221829523,0.02874866383106984,0.03475226440605009,0.33904712032336387
2020-04-24 02:22:00,0.06625669474564214,0.3947995486240518,0.30386256240115544,0.18059212234027727,0.023914387061568062,0.04569557967684564,0.03778797885538716,0.3481652847651532
2020-04-24 02:23:00,0.07708611031198058,0.40197198019982827,0.34280174862463736,0.16468185379392397,0.021534892052256623,0.029102068108650337,0.02825293617769834,0.35820102891066824
2020-04-24 02:24:00,0.05620408371948868,0.35111106030120115,0.3311903706719381,0.162980118441161,0.02361019663473287,0.037964904995964416,0.03311897177043597,0.3534509167550652
2020-04-24 02:25:00,0.04620428813610634,0.39223136291318095,0.2958538085362675,0.1721790400624741,0.02580232758920791,0.03857818056899547,0.03710864219478421,0.3717776480533009
2020-04-24 02:26:00,0.09015516657765033,0.36766154120050215,0.3235393478504878,0.1780220412289385,0.026415877851495906,0.03657769298431193,0.034264879239926736,0.34179435748691306
2020-04-24 02:27:00,0.07910898998776518,0.38724875764305283,0.320111963427399,0.15735223364935025,0.026022997337293297,0.0462317126920312,0.0383728818942875,0.356165459542066
2020-04-24 02:28:00,0.027042574404761908,0.31099306196889526,0.32037641811029366,0.1629507542453939,0.03095030900146206,0.04370464097687621,0.04498574710885445,0.33425162559336336
2020-04-24 02:29:00,0.08164138491395438,0.35599271902223273,0.3170430966304391,0.17416753873731572,0.02014300041369046,0.03291624428712146,0.0296854514003442,0.3629559788217466
2020-04-24 02:30:00,0.0678285000543065,0.3523553016079899,0.29309006360696216,0.15822867996546613,0.03516225419501335,0.04962786820950473,0.047585108752219864,0.3593073072292469
2020-04-24 02:31:00,0.10191777448047358,0.33833433286458764,0.30144675233294527,0.1688584073575098,0.02360026638067429,0.03825199512037659,0.041397410237580555,0.3558902492683495
2020-04-24 02:32:00,0.03995284671755261,0.3594767986189556,0.31694357814389496,0.17975460601835686,0.02292059295826532,0.03146773056266609,0.04047323567212421,0.3494521059465646
2020-04-24 02:33:00,0.08803864717183173,0.35256404034677835,0.31529339102405446,0.16265061073338277,0.02555741081389604,0.046382729104020574,0.036717599491548784,0.3528919127124854
2020-04-24 02:34:00,0.06943294674450635,0.3232510339454784,0.3006481948008985,0.15993674250073833,0.02785132428656625,0.03388955891314127,0.038181990394880294,0.3804660774676843
2020-04-24 02:35:00,0.0823952518607124,0.3364037801258195,0.30677120201213065,0.18444314848870577,0.028424552297376924,0.03610880956836295,0.039466809617936624,0.33775631415827706
2020-04-24 02:36:00,0.0575492111003475,0.3577317130551396,0.3133858542096277,0.17257743174607773,0.023482569348131824,0.03657491072251035,0.03486306975619202,0.35661463194585274
2020-04-24 02:37:00,0.057719751561776104,0.385002452954907,0.31888777690266823,0.17252710600600699,0.021256778638544263,0.027577535360226096,0.03189665593857641,0.3653886451220207
2020-04-24 02:38:00,0.08126694376576006,0.3797274518060503,0.3081593205682414,0.16984969018438167,0.030421661450002236,0.04342938274614157,0.040027154185367814,0.3495436442705488
2020-04-24 02:39:00,0.08139059858001575,0.38153543911212623,0.3390649377332323,0.1796207337078147,0.020470727472874164,0.02561335725567444,0.028800991858015913,0.34396357691391094
2020-04-24 02:40:00,0.07234591137485433,0.3473376536907216,0.2909097141553429,0.1592131775189363,0.030999016580032852,0.043003351526999876,0.04547857055808461,0.3688297902277646
2020-04-24 02:41:00,0.06095733574815209,0.33806598295884005,0.30569448749032696,0.18415510353264414,0.025600335487330116,0.04381396872425008,0.03546835954386079,0.34419378838945286
2020-04-24 02:42:00,0.024380702883123644,0.37411465984676073,0.3390299384892118,0.17176653451387094,0.017504671255846906,0.02650864926446367,0.026675271183991035,0.35955065704265543
2020-04-24 02:43:00,0.04852405323001913,0.33563966462830097,0.2978073298102782,0.18504652382745498,0.02558726800047074,0.03442593797607025,0.04619518767858302,0.34911756684036416
2020-04-24 02:44:00,0.0536368652231424,0.32337684371069453,0.3148119274406804,0.16414049423031468,0.021452857118522357,0.028304019968191062,0.03260611061244289,0.3773559620448443
2020-04-24 02:45:00,0.10381354234953863,0.3794438367287829,0.32755022618080293,0.16552178063526904,0.021973013404297782,0.03327970508265283,0.03333167063861464,0.3550469578836505
2020-04-24 02:46:00,0.03179760138020881,0.36459122064486466,0.32714748891601453,0.1783129276414778,0.02215336063141376,0.03248975511520994,0.031064123235779735,0.35011024031470034
2020-04-24 02:47:00,0.0398418602553777,0.3469457556601453,0.32008583651290684,0.1776728000496976,0.02155366949033562,0.029704090081468112,0.0345673849717974,0.357107368217328
2020-04-24 02:48:00,0.050274180492468665,0.3514998864025958,0.3332781316242823,0.16729232740672786,0.01984542722732094,0.026236525957499805,0.03259403900573663,0.3604057679081265
2020-04-24 02:49:00,0.05509496230420142,0.34801208078019663,0.3358337792358699,0.17412744517407744,0.024215749423887024,0.027237031225173226,0.030427292337124892,0.34729817491556125
2020-04-24 02:50:00,0.10259831979179115,0.3841235719340814,0.29587613329496,0.17828234133192347,0.020378622218018654,0.0260437242993884,0.03372351227718481,0.38134679177503006
2020-04-24 02:51:00,0.07751252052545154,0.33186550853361213,0.29669687871034417,0.1595848028868204,0.03024342180654287,0.03888427575780983,0.045985925577658474,0.36990300877910914
2020-04-24 02:52:00,0.07256108127983128,0.38529162344066187,0.33100420257542285,0.17139884083970594,0.024224417292859686,0.03335444358032541,0.03256135368634541,0.3454123615882749
2020-04-24 02:53:00,0.05683616931838915,0.33251896012671867,0.3242300117934315,0.1811819967729489,0.025531455489628055,0.03145116687548956,0.03277776820406689,0.3458550600688261
2020-04-24 02:54:00,0.018497749499620096,0.3472926652768203,0.3286869864231205,0.17945795280233348,0.01845757337631211,0.02546553523789476,0.028370724591200484,0.3563752010051465
2020-04-24 02:55:00,0.030731075832536876,0.322064343184473,0.3012033344627065,0.16787224376693977,0.023131406801590478,0.026418929214355076,0.030191868265392954,0.3926795110463271
2020-04-24 02:56:00,0.03218943121693123,0.36624340548340545,0.31956263473629953,0.1689285280321492,0.023371876600632134,0.03455592616897093,0.0319362753041114,0.3661253027990457
2020-04-24 02:57:00,0.09930080786579133,0.37404794396185137,0.30672852986489135,0.15903502404842054,0.03170187378775583,0.03622654050043095,0.041007773835018226,0.3669111679962658
2020-04-24 02:58:00,0.07652070467019163,0.3717387347657867,0.3357596392369718,0.1717083131411867,0.021334283442102794,0.02355416689668807,0.027111243334974996,0.3604429394229131
2020-04-24 02:59:00,0.06606236147589532,0.3460477262920871,0.3165488799471982,0.16998290856013468,0.022758657394167665,0.03955786818419837,0.030982404384842073,0.3573376586489097
2020-04-24 03:00:00,0.07006210154916076,0.35565717437854266,0.30148251500815243,0.16742660927399355,0.028047386165126403,0.035688344514005335,0.03685893189148271,0.36971872845342324
2020-04-24 03:01:00,0.043558106097168606,0.33280767780767795,0.3031392630400168,0.16272779402882137,0.025953061241984002,0.03990700673315966,0.039701435214772006,0.37000368903013453
2020-04-24 03:02:00,0.05771914172081959,0.3612728555933254,0.3172374989293616,0.1704333266266778,0.03220288371770255,0.03460562774975319,0.039347685961397726,0.3467923998176397
2020-04-24 03:03:00,0.01971288212876944,0.3371603072515482,0.3111131459949997,0.169739067987951,0.02451930564329797,0.028997571425832012,0.032563688420714575,0.37305987733169815
2020-04-24 03:04:00,0.07459321522306772,0.3718693781776081,0.2981421574785718,0.17295640407210383,0.027944801081614495,0.041681034843054195,0.037973178913908924,0.36336692459216
2020-04-24 03:05:00,0.05499981083988028,0.31920982309871204,0.30941639114326486,0.17135756018493944,0.03170461795886117,0.03192601237266141,0.03861359750489252,0.3612094695990276
2020-04-24 03:06:00,0.049241389062935126,0.3427582707558035,0.32240939297710275,0.17853906040794468,0.025664382255412985,0.03159518341359826,0.034463369701328184,0.34256248118042726
2020-04-24 03:07:00,0.04732604646510897,0.34178920955587627,0.3078897588485779,0.15773071904205913,0.03303786164528283,0.03881948872953823,0.04933596816313544,0.35597560779501963
2020-04-24 03:08:00,0.11084398366784727,0.3440380833692522,0.30959481629345753,0.16496910501320433,0.022541494571087364,0.03029376775353306,0.038188395104323106,0.3737299409683627
2020-04-24 03:09:00,0.09933291245791251,0.35718839650759293,0.3003019838058879,0.1702775363602043,0.028905795719707587,0.038793634415280935,0.046928880102005924,0.3546768997378714
2020-04-24 03:10:00,0.07164066676761989,0.32769402581902574,0.29579441513589233,0.16145554695363235,0.028756344225472213,0.04354029485139043,0.049087351390058154,0.357257063755438
2020-04-24 03:11:00,0.08080488596404747,0.40535809514846766,0.32044945171709066,0.15908834373582767,0.019443213657438577,0.02810691265347314,0.028744544126615215,0.3738056004604339
2020-04-24 03:12:00,0.0392700142404576,0.34660702319938774,0.3354306243743661,0.16686280955277497,0.018860278252975458,0.03133218242369465,0.04234441274158485,0.3442451219415643
2020-04-24 03:13:00,0.0386521020770182,0.35040323739149226,0.34475619382390615,0.17417071692849861,0.021442585929246073,0.02276964146180517,0.027086817729637752,0.35024634989809783
2020-04-24 03:14:00,0.07032242063492063,0.3681988967432004,0.3049274427828061,0.1667528283913823,0.02435666028089958,0.03267312500201448,0.036925072412339624,0.3730124584104432
2020-04-24 03:15:00,0.057093737668227465,0.3153698334545273,0.3283371870818415,0.16988517701534356,0.01803058010961566,0.028540089813457955,0.026722243232670327,0.36735295215721336
2020-04-24 03:16:00,0.07087575313477602,0.40395538271066445,0.3339034772337034,0.17398730634373916,0.022407516721417355,0.028036169369360823,0.02852749162242834,0.3547727806013212
2020-04-24 03:17:00,0.09957865110247198,0.38363175885667705,0.3054991463363217,0.16973753576444636,0.027277269529925725,0.051678766059120175,0.037680236753090714,0.3459788593588009
2020-04-24 03:18:00,0.0166300648954532,0.3706143021386923,0.32810207542183334,0.1729340114774814,0.02407538182665415,0.030462178340508874,0.03983310464245024,0.3418951832083114
2020-04-24 03:19:00,0.04794861449214898,0.3742004153573121,0.32599878179487485,0.1675913504426215,0.022831441814753755,0.031668394716633894,0.032969578216966514,0.3619493814666974
2020-04-24 03:20:00,0.037042645002625864,0.31012159986649795,0.3095287783952433,0.16717584733267196,0.024915360088239868,0.03322271270441655,0.036192297754926876,0.36633466510814805
2020-04-24 03:21:00,0.07297398569941507,0.3814255904189107,0.3059106746129514,0.1629815846900429,0.027137653048783364,0.03221155814049196,0.0398527950649834,0.3716078371250328
2020-04-24 03:22:00,0.06202360133296748,0.3427001911373955,0.3198583027448533,0.1561660744454704,0.026013097355480616,0.03155005641257095,0.0353475272863288,0.3748251456078845
2020-04-24 03:23:00,0.06259794761891502,0.39480706521147674,0.32785873391206705,0.1761315685643614,0.021502665524852107,0.026815589688159197,0.029602034252349398,0.3625550463389909
2020-04-24 03:24:00,0.06689304276792785,0.32539874851455736,0.2884875182199079,0.16854656990604405,0.0352808387184132,0.037582159311749394,0.046044866919877254,0.3591616945289866
2020-04-24 03:25:00,0.06315340163588652,0.40345389377647445,0.30189870520111833,0.18282401063639084,0.020656346888138603,0.03556396844206985,0.03003180717009442,0.3673023134830447
2020-04-24 03:26:00,0.05017099388417168,0.35993012201562785,0.3049311740731448,0.17521573697575377,0.01962722583414874,0.03362235067482684,0.030846177053781423,0.36416987422503133
2020-04-24 03:27:00,0.03557877030377031,0.37470582599499275,0.3066112722596154,0.16506219049954476,0.0262275664729673,0.04401074674118755,0.03832466511833312,0.35761986988130934
2020-04-24 03:28:00,0.04850738447260625,0.3793948461186363,0.3142071517493957,0.17831573524525143,0.01954349768786791,0.03201386823563769,0.024429404521877435,0.37480489068829675
2020-04-24 03:29:00,0.0886896360773314,0.32825829685204677,0.3185822404419604,0.16308452246743696,0.023970888750733624,0.04321875706990602,0.034405630657765585,0.35678694963437857
2020-04-24 03:30:00,0.06573762155442053,0.3112005765643331,0.3123375641732728,0.17104619004935823,0.02858692650098153,0.03535571109562435,0.03804555898043624,0.35502899083969097
2020-04-24 03:31:00,0.04940874255952382,0.390954843189218,0.31261768514286814,0.16826262435661193,0.034606948992385964,0.030603381477420477,0.036488266763670826,0.36606298708466006
2020-04-24 03:32:00,0.05919892293653726,0.343255130145374,0.3257096550401113,0.1717298662416153,0.020835644392450555,0.02764062526019191,0.028800680301555786,0.36731137339275566
2020-04-24 03:33:00,0.08874267835205338,0.398421279046279,0.30860230720006526,0.1646625255476416,0.03059979529183045,0.04106111240394195,0.04520859226736798,0.3513231215490338
2020-04-24 03:34:00,0.031078544935966814,0.36057823867394184,0.31336662451076336,0.16404723764867413,0.020282741799750925,0.03158073216830637,0.031381688183752976,0.38020633412361216
2020-04-24 03:35:00,0.10684844978809062,0.37072941216477145,0.32930685995161607,0.162589382648564,0.02249247971751401,0.03198234332990617,0.03455417546396498,0.36005968380615894
2020-04-24 03:36:00,0.023052313622116592,0.37199202166593465,0.3371531156769471,0.17239081534785658,0.021661560206474712,0.02509186202601984,0.0334294502401217,0.34957310989198676
2020-04-24 03:37:00,0.10356583316154745,0.33348084999656435,0.3371713909469545,0.1601238547489047,0.025908819880228664,0.039406261741361956,0.03759516783304298,0.3400742814657269
2020-04-24 03:38:00,0.0716773059519924,0.35528228613475205,0.3291658752387608,0.1844358242889605,0.023426875975006065,0.026284943047112794,0.030933711988926298,0.3466127210226996
2020-04-24 03:39:00,0.07017936593829452,0.37075823427013904,0.290015047200584,0.1778776598084877,0.02729188416863247,0.03674846326734337,0.03885755152276636,0.368509290545868
2020-04-24 03:40:00,0.06191812190872342,0.3396188043368495,0.30332874290908696,0.15968984519070759,0.02503453212240488,0.03961936554716964,0.03389934751233822,0.3802022942783015
2020-04-24 03:41:00,0.11061854856017181,0.36221689447383876,0.33108529638330864,0.17313924737492117,0.01617484346158972,0.026649740529236965,0.02490872733233414,0.36398897594254853
2020-04-24 03:42:00,0.0432605370249255,0.38275977053854765,0.3238086315543291,0.17209056654299523,0.020999058904250197,0.03090058750956298,0.030869514008801772,0.3545901248235292
2020-04-24 03:43:00,0.05394812575807283,0.3486304978923091,0.34074694965966046,0.19953159417262242,0.015681963351725874,0.020811483847757377,0.02355172607114652,0.33775966041483063
2020-04-24 03:44:00,0.06768708465077952,0.31178601314263066,0.3292227359501446,0.16721732757511798,0.026887004905271236,0.036160940769245836,0.041215262292347385,0.33507281340323075
2020-04-24 03:45:00,0.07097389382205961,0.3788207445985981,0.3056399187189527,0.1729206391634722,0.030253133261339035,0.0375933190613308,0.039297138716427885,0.35469042377941185
2020-04-24 03:46:00,0.07698958478283661,0.35835152066130327,0.32649696205023077,0.17467750069382432,0.022620220295154758,0.0284872692923116,0.031051028355154334,0.35471801753695736
2020-04-24 03:47:00,0.08816034885028393,0.32859386289716364,0.3034641177516526,0.1607352539542648,0.02393700105356455,0.03962809050104903,0.03747432011561347,0.37270323225212343
2020-04-24 03:48:00,0.04445069131548727,0.37473481312086765,0.3305468867829095,0.16679056895442218,0.02032314562992915,0.028899544765171363,0.029787271324074945,0.36325851899609696
2020-04-24 03:49:00,0.06447237275592055,0.3179717474110856,0.28940787512195076,0.16855973014076775,0.03230008959881361,0.046003764771544345,0.04604238504307154,0.357212575981119
2020-04-24 03:50:00,0.058686779215053046,0.34369008146835534,0.3085634566279219,0.1569734174730709,0.024554285592328817,0.03144556344688946,0.034444580070577754,0.3851872147348725
2020-04-24 03:51:00,0.06882597469403023,0.3324777430388541,0.3110166358511412,0.17643604475371022,0.027608996788033652,0.041866057330957815,0.03857161226223695,0.342973804298822
2020-04-24 03:52:00,0.07715375280583615,0.3613577922077922,0.3285055399313569,0.16773046200483804,0.017703838594296854,0.025424201888565298,0.026206839057382088,0.3750310957249407
2020-04-24 03:53:00,0.09657730447386119,0.3644379175351398,0.29982982132092323,0.1688100387853208,0.024346039626853944,0.035327032243065805,0.044784551438667636,0.36081945614682165
2020-04-24 03:54:00,0.08961596121047852,0.32522136758743914,0.31931826158781007,0.1704184206897139,0.02205261090984803,0.02628642799866121,0.036168401159274,0.3658726480180061
2020-04-24 03:55:00,0.07149361730090902,0.30520403631861964,0.32329810475680576,0.16349164456681672,0.02890288759324207,0.04159803001758652,0.03819863236619707,0.34311695667080705
2020-04-24 03:56:00,0.0680334769875059,0.3548727833231966,0.314218479861921,0.15603703264895566,0.02644624757050542,0.045255737263202665,0.03325264166272018,0.3730982261255745
2020-04-24 03:57:00,0.059707024368082076,0.35215381081406716,0.3368717901315142,0.1751054854366807,0.019313848906872964,0.027247918673260735,0.026439861060836976,0.3465740238943202
2020-04-24 03:58:00,0.05335114831056392,0.3570959127452633,0.3186423865571397,0.16662769162911747,0.025163186317591787,0.0360125921347611,0.03251474085563336,0.3607571411442446
2020-04-24 03:59:00,0.051476467927265804,0.31569324564980594,0.30436543240981295,0.17371111664164965,0.020889775809992087,0.03136154757388221,0.03899467679864045,0.3653198748551214
2020-04-24 04:00:00,0.08049066476876553,0.3125236491903157,0.29437339476575036,0.16177709369993293,0.03431975304487559,0.04369399714980403,0.04567578401793462,0.3605163833487397
2020-04-24 04:01:00,0.12294699877060074,0.3725122568099542,0.31830411035920597,0.17207015059054692,0.03088312898981453,0.03480819296197374,0.03979674076120965,0.34335740182493596
2020-04-24 04:02:00,0.06911743638306143,0.3747968697968699,0.28674814629652806,0.15723683399038027,0.030995266058813687,0.06152885871883007,0.041592167776994746,0.3665666578552455
2020-04-24 04:03:00,0.0559661201298701,0.36260923761423763,0.3328809310651195,0.16691501488293095,0.02361032698833365,0.04357394225204568,0.030003496488581808,0.3433989681493642
2020-04-24 04:04:00,0.04198029497064635,0.40653729601598276,0.3224789768261666,0.162553202685118,0.01939737176374301,0.03228175986835104,0.026869521154892592,0.37795770843043797
2020-04-24 04:05:00,0.05240652715181825,0.34412198674613037,0.31921646407145965,0.16847081780136636,0.029564889486701385,0.029503282869581673,0.036454688593257394,0.3605948300946064
2020-04-24 04:06:00,0.06740355842750323,0.3654051191112879,0.3355643732695832,0.16964952939298353,0.025418516479108647,0.033863240455861046,0.030160945475568697,0.3499368718253029
2020-04-24 04:07:00,0.056230696208407614,0.34024140565317057,0.3102831624164537,0.15912838277408276,0.023946687957852278,0.04205290653801838,0.03650582107997202,0.3677635240618483
2020-04-24 04:08:00,0.08728064777963972,0.3755860292634486,0.31345509151456835,0.15250245348095984,0.022765439649484624,0.04700992240020586,0.03212618193153573,0.3720825514072671
2020-04-24 04:09:00,0.057266599137417405,0.3789163186371597,0.2976362653893306,0.16224143808077443,0.02434973662436181,0.03990092420699554,0.0340095670827673,0.3847697944987409
2020-04-24 04:10:00,0.06244818366940079,0.3115515706880838,0.2905224237262557,0.1581251956426489,0.02878178506939365,0.04340659288459542,0.049251817499905086,0.36600683678989254
2020-04-24 04:11:00,0.04865752131242867,0.4051342434666818,0.33868451859406806,0.17429429418189785,0.01624456057072893,0.021985296821491983,0.031250175189212644,0.35048357484530274
2020-04-24 04:12:00,0.07196491520649989,0.38802953084010183,0.3140955231047984,0.1507449631534891,0.018897710887330277,0.039115697879663215,0.03606963848689567,0.38444008737770535
2020-04-24 04:13:00,0.0625150880498103,0.3373080095487505,0.3175151506184462,0.16687893036028578,0.025276502969028558,0.03303820413302274,0.03725706856725466,0.36009535610425725
2020-04-24 04:14:00,0.10980385967329481,0.3146425498285003,0.2827351452118413,0.15783112596221122,0.029491329397252505,0.053967014629435185,0.04368964861583585,0.36800105980604986
2020-04-24 04:15:00,0.07831605873458554,0.33000254079071806,0.30596974367913443,0.17818330701341217,0.02409393725042474,0.03986888166956608,0.04044213856364591,0.3483102673710846
2020-04-24 04:16:00,0.08182660766922673,0.3632637731668684,0.3097495376874243,0.16264377602006183,0.02557110973585542,0.034181150441002804,0.04484500451468449,0.357610386641851
2020-04-24 04:17:00,0.07109903296073505,0.3812285239058289,0.2992496976039805,0.16796507307634598,0.025739230348100384,0.04246670052902858,0.03775841980617788,0.3692809562033679
2020-04-24 04:18:00,0.08710749555072184,0.39620631583808513,0.31902056472399576,0.1678198605733604,0.022179421829074692,0.03079707504235766,0.03211648120005044,0.3694204410901011
2020-04-24 04:19:00,0.06892048379688304,0.3213031143814725,0.31293463689616513,0.17180703045878953,0.024745596492442238,0.030977519818767167,0.034133647787819535,0.3629086763127144
2020-04-24 04:20:00,0.06998118987327623,0.37929389522015444,0.3293825370741576,0.1667932729249763,0.026183699425131036,0.02924333980000825,0.031708795973785654,0.3600184945716257
2020-04-24 04:21:00,0.09762079201020174,0.3814424062905543,0.3120428465117045,0.17927005104009167,0.022482561982578655,0.03698956827673151,0.032282489872956274,0.35556615369083494
2020-04-24 04:22:00,0.0490024828355308,0.353817831363208,0.31331185220456875,0.16911150302043446,0.019449212083495263,0.02877232638024907,0.02992141533315345,0.3763299021512671
2020-04-24 04:23:00,0.09911970388114756,0.3401501191166683,0.30267447246542745,0.17077787878419334,0.02365828982265951,0.03482882538127391,0.03424767947820914,0.370399903266241
2020-04-24 04:24:00,0.07966124098179542,0.36692465647073547,0.2991707625191262,0.14684854360596297,0.028421181252436496,0.038197074044553116,0.046345102552005205,0.3834479790599364
2020-04-24 04:25:00,0.050657222528933066,0.3881494481221925,0.3328801286883855,0.16583941680382713,0.024569956440600015,0.031094351645218506,0.031602524564967725,0.35734745004841056
2020-04-24 04:26:00,0.03498738934327426,0.37220840186749266,0.3196015578368767,0.16239192580112352,0.019123567061111187,0.041120563993577955,0.0326343415204395,0.3650863474260513
2020-04-24 04:27:00,0.05343160598697013,0.37152428134711574,0.306437409284784,0.1576866874196081,0.030854463921650487,0.03678478688713523,0.040932612536042995,0.3705751024861269
2020-04-24 04:28:00,0.06104361666111668,0.3634425572575571,0.32037411935452836,0.16249141456122743,0.024714604686496222,0.03686389387050402,0.03717066517765914,0.3581538486969655
2020-04-24 04:29:00,0.0923909468459101,0.3749464348968027,0.3135364132981254,0.17626554396637778,0.017588014536396076,0.024986758299745053,0.026571702701765787,0.38088007698602405
2020-04-24 04:30:00,0.0958634213259721,0.33745417220383356,0.32600321210880123,0.15580254233356314,0.027114801263389013,0.03622555678470182,0.04079342376250472,0.3547884652695076
2020-04-24 04:31:00,0.06880523326754948,0.35445156219053287,0.29905165201715284,0.1588079634085823,0.034163590176855274,0.03896697070753962,0.043494498706103835,0.35640224679189136
2020-04-24 04:32:00,0.051933901012469294,0.28624741655770025,0.3096636504856275,0.17092935757408934,0.024393026215005744,0.0401284170251116,0.035556551453751695,0.35718529404294463
2020-04-24 04:33:00,0.0565952165189308,0.34185827856799283,0.3284128736355342,0.16509351341216824,0.0224119949962396,0.03083075239397908,0.032239365880937496,0.3601549889589656
2020-04-24 04:34:00,0.041022249355582685,0.317623533873534,0.30915113830934954,0.1683198822877155,0.024938544648712268,0.034184441281533126,0.03683122288016632,0.3637058378553458
2020-04-24 04:35:00,0.0775148149896867,0.3330588522758647,0.3086867667844634,0.16578956262092542,0.029417077625070787,0.041414971863405724,0.05566254589507642,0.3390079102626008
2020-04-24 04:36:00,0.05137679342621201,0.4024688289029374,0.32408117790852653,0.15409592222054616,0.019180958630311797,0.034849702004943674,0.03025261418977478,0.38201139602077316
2020-04-24 04:37:00,0.09394049704999499,0.42221378223563544,0.3132809477560491,0.15495312950998005,0.020864332080825068,0.04240722021622282,0.03213226095009327,0.37802223878069185
2020-04-24 04:38:00,0.06863155640147395,0.3511371816522916,0.306150131848587,0.15910809904195888,0.021076591151329347,0.02954201706419501,0.03076390450842559,0.39115304305002463
2020-04-24 04:39:00,0.07510556416622594,0.38885379346960236,0.32784207905676926,0.17059706662428867,0.024260788568358796,0.03576670745583394,0.03292028027040693,0.3491580693649547
2020-04-24 04:40:00,0.049741002212984976,0.3337149654304824,0.3266904405900277,0.17210948011659263,0.025855592444438344,0.03524139330892632,0.03548928992111861,0.3439070457122928
2020-04-24 04:41:00,0.059657833638096805,0.3243715677597256,0.3271333465481324,0.1863728312963391,0.019079003306581643,0.026038342278014215,0.026655288818844394,0.354275760434878
2020-04-24 04:42:00,0.058851455407867743,0.36739706271362127,0.30617704886985436,0.1650195952978094,0.020610598082164353,0.03230221866022094,0.028706666559415246,0.38446067207509493
2020-04-24 04:43:00,0.06706503546607714,0.34682481368939705,0.30531951586390277,0.15443510930666282,0.027889704270364777,0.03965463861943306,0.04699100087022027,0.3660474576298532
2020-04-24 04:44:00,0.11279774361891148,0.34272494739648024,0.319999409419736,0.1537795413600325,0.027067350655612103,0.03186427707434211,0.03342507183336082,0.37963752481019114
2020-04-24 04:45:00,0.07630604173572922,0.3588134456884457,0.3134405038868322,0.16132153006991437,0.02217748810709261,0.03712643774500352,0.03318800501906358,0.37140222529824024
2020-04-24 04:46:00,0.060283931314461275,0.3815215307286161,0.32794656417231194,0.16223737463963428,0.016553869897184232,0.02326585487317208,0.02377523718586719,0.3825887567044475
2020-04-24 04:47:00,0.023561129447387214,0.35992272323949354,0.31814343823504676,0.1693255567256331,0.016141656734361878,0.025053393151576935,0.023629979826388654,0.3870078669587629
2020-04-24 04:48:00,0.07327612433862433,0.32148012652030533,0.31485061653268837,0.1834781313977146,0.0243244354169233,0.02953881336408107,0.03338476621720853,0.35197139300192487
2020-04-24 04:49:00,0.07420040466779597,0.33097120271033315,0.31929682684055044,0.16625262779998592,0.01740294673806785,0.024535950005818687,0.023879897738499307,0.3847745392684076
2020-04-24 04:50:00,0.0685423337438424,0.34205327287654874,0.3461618080992123,0.173458179256654,0.014951106743056298,0.023047196293262868,0.022665106265563884,0.3539719993304779
2020-04-24 04:51:00,0.07379349551003096,0.3790524271587264,0.31680100878762946,0.17641049414308463,0.023614792514952163,0.035028987089195135,0.035199255531153543,0.34828554657031013
2020-04-24 04:52:00,0.042190604395781775,0.360864969318349,0.30139120400417596,0.16324151029490752,0.021184955350811115,0.04184424997150769,0.033494262523366396,0.37265195367520254
2020-04-24 04:53:00,0.05307307997244438,0.3520372647989173,0.3316083690600462,0.16339022889365817,0.025603301402141055,0.028649022394896338,0.03388784248796926,0.3596610351070025
2020-04-24 04:54:00,0.04349271772171362,0.34138905891467364,0.32945694415696486,0.16894676855104007,0.016775752618296107,0.026830631354209426,0.025806102866651096,0.3710185741608746
2020-04-24 04:55:00,0.08732255726832443,0.3577904248651603,0.3296637388444247,0.15923435787521562,0.022698607152650135,0.031014512711970012,0.03220823734693494,0.3637042287206788
2020-04-24 04:56:00,0.07827126172438671,0.3438525987900988,0.30347450074489013,0.1627860074283,0.02464481188112578,0.04475037954083999,0.039833266559904025,0.3582458677992677
2020-04-24 04:57:00,0.07164622527639446,0.376209363770454,0.335097203796562,0.15845504091499096,0.02158164769387352,0.03136778781779831,0.02902802840659154,0.36643666915009304
2020-04-24 04:58:00,0.03946096504582743,0.3765834513770293,0.3291793310406461,0.17256142893212542,0.02011840875226167,0.030063845957034863,0.040321143927700136,0.34802702159424276
2020-04-24 04:59:00,0.05376215457255569,0.3099918427343801,0.3165371962067143,0.1553986842571167,0.024775449769613756,0.030820773621412424,0.033613314434759685,0.3789046822643986
2020-04-24 05:00:00,0.094578343892797,0.3530635464072965,0.3049546382797416,0.15540758615473654,0.03602084268277033,0.04112883020163475,0.04450269317322123,0.35971633132018355
2020-04-24 05:01:00,0.0503280268118978,0.3812154965703353,0.3231780550539923,0.15794879862681432,0.019366772624756695,0.029643971571385184,0.03809105745566916,0.3686955294522991
2020-04-24 05:02:00,0.050297745338052396,0.3233412978955117,0.309458013641122,0.15490347195239554,0.029729710965850163,0.03424973576742213,0.03856829932202247,0.3755020937118536
2020-04-24 05:03:00,0.05437175147644069,0.34012429718843296,0.33380083511059194,0.18065851334240715,0.01647164844799334,0.02292132288942465,0.02448905423971619,0.35687946667539217
2020-04-24 05:04:00,0.08855115302873455,0.3451812456866805,0.3102189014635413,0.16572802037192993,0.026850271707186093,0.035898183330385545,0.034537799484371835,0.36531629458717657
2020-04-24 05:05:00,0.06451297415729984,0.37666805584157537,0.3170505299554191,0.15871022934372472,0.028361132470298915,0.03617993382286107,0.0388683309552465,0.3626414347714956
2020-04-24 05:06:00,0.06855498312494583,0.3671654318249466,0.324975777625492,0.16207486870379356,0.018515870230656633,0.029562624680509155,0.030936052908264292,0.3727795207011164
2020-04-24 05:07:00,0.07641056241056239,0.34376991337705615,0.30411643961882756,0.1758949133470958,0.030419749409411393,0.03309308901432954,0.04909108092781424,0.3474439383753956
2020-04-24 05:08:00,0.07809943862922379,0.36673180371422553,0.321671001569257,0.16204015975711172,0.022776342396404525,0.04122751598764074,0.03497866800296723,0.3598409331189028
2020-04-24 05:09:00,0.09623061111111113,0.3309696940836941,0.30743001538298265,0.15894170054927234,0.02452439418090867,0.03543040693998,0.04499496164774087,0.36662789994478195
2020-04-24 05:10:00,0.07234983171104498,0.36380039316620194,0.3245187487035069,0.16384211622425937,0.026704149444657363,0.038149125666814186,0.03788389350593501,0.34695980137065074
2020-04-24 05:11:00,0.07550974675974674,0.31915915915915927,0.3111952632017484,0.15990597398457146,0.027650575309395707,0.033687478190134075,0.04701731690006982,0.36159050758814637
2020-04-24 05:12:00,0.09162530687876586,0.3747401587668764,0.3105728328991174,0.16135601121057347,0.022906572845647084,0.04057741351257374,0.03577693587884268,0.35635876829623836
2020-04-24 05:13:00,0.057248935680953204,0.35681065036328197,0.3122540422482416,0.1661506723892097,0.033671619724781096,0.038364897679730746,0.04229939535745605,0.34838688838920484
2020-04-24 05:14:00,0.06289503927080146,0.39240249775818903,0.3135500271475645,0.16476578146425228,0.025531974524354337,0.03526047787835989,0.053193938717058825,0.34637819747515647
2020-04-24 05:15:00,0.0940145076082576,0.34767529705029687,0.2865800756189856,0.14897077514477722,0.02851362836194947,0.04035904780997522,0.04329203537962729,0.3877123598614228
2020-04-24 05:16:00,0.0739940500731317,0.33611453575399164,0.3263877899612484,0.1608978234069916,0.025463250342048677,0.031106691869786235,0.03507238507907138,0.35835576869173535
2020-04-24 05:17:00,0.058130781889343536,0.3569570459981419,0.30932815566643823,0.16315774644619074,0.024450145464618135,0.04328787348545151,0.03632778621337532,0.3637352724227093
2020-04-24 05:18:00,0.10058309423135003,0.32113433616340586,0.30026972323860035,0.15812768669072053,0.029034168342130368,0.03931302852415965,0.04348820491534183,0.3660705371420511
2020-04-24 05:19:00,0.05139105314664257,0.3102563576140811,0.31537394175623973,0.16303739056646127,0.024266440018323704,0.03475978278035032,0.03690322978930918,0.3637066190926039
2020-04-24 05:20:00,0.044750523744475364,0.32585370910451544,0.32583007883588455,0.16442335753987034,0.026422116570520113,0.040269028782117744,0.03765626540039606,0.34099407005236426
2020-04-24 05:21:00,0.06525231252219199,0.3308780363510293,0.3076931448510948,0.18289689751715238,0.031105514128782843,0.03146803623800198,0.03445886209152886,0.35897045254068477
2020-04-24 05:22:00,0.06547836184045427,0.3316646773114165,0.32621200810004347,0.16039158978357748,0.01893698774553494,0.025462289683919746,0.03132464514407554,0.37120110089181957
2020-04-24 05:23:00,0.048630721769702026,0.2946091756379585,0.3070953560245949,0.163026921808954,0.02954027467527031,0.03495593237751805,0.04058332809864823,0.3630318001462573
2020-04-24 05:24:00,0.06259649028312224,0.34436581422692536,0.32241164163091046,0.1568061244939195,0.026121422233478513,0.030038458256615403,0.03661037723971767,0.3675363643047196
2020-04-24 05:25:00,0.07645658947172618,0.3136539079410174,0.3279319588502858,0.16193226682366912,0.017725116609138725,0.026243550499295498,0.02560524642771278,0.37168686806398704
2020-04-24 05:26:00,0.07327161091709411,0.3515059114554912,0.33662618975059183,0.1638696936216937,0.026558085145353516,0.041115085970593095,0.04004723938776473,0.32918924834391383
2020-04-24 05:27:00,0.05694927722389843,0.31300482959100384,0.309675587065144,0.15837659028461945,0.02714929935968174,0.03643833910192201,0.03941770871758578,0.36851961097934005
2020-04-24 05:28:00,0.05914911037345738,0.3569306201675606,0.33461148040925165,0.1648137521521282,0.020145615402608154,0.026558303493616077,0.027874320428056185,0.3622222828770864
2020-04-24 05:29:00,0.06073132099729845,0.3368443877087361,0.32382228868336005,0.16172021369244535,0.028229516084925535,0.0326535676339444,0.037953767725968396,0.3572181931957668
2020-04-24 05:30:00,0.07675639061759508,0.3147511402509562,0.3085018755689854,0.15320376305062006,0.024409622611792407,0.03875047166893338,0.03497029467114179,0.37929934802039794
2020-04-24 05:31:00,0.03584516751364578,0.33766188018905413,0.33102098143949726,0.1715801640757886,0.022976924963993825,0.027651242357094725,0.03188882837903449,0.35573163219985693
2020-04-24 05:32:00,0.05389319700230715,0.27467004707470805,0.2860337052436573,0.15173455101775274,0.02598367985235243,0.04924185739758872,0.0406718220259792,0.3825688416698654
2020-04-24 05:33:00,0.0880758872453805,0.3416426932552888,0.3050671120801628,0.15097416983517456,0.022591071151925653,0.03230992184783554,0.03431404275002527,0.3940420713815971
2020-04-24 05:34:00,0.08458896058927129,0.34906772520408874,0.3046203922936288,0.15317857305764934,0.02184214969535352,0.03414290003678587,0.03978147072558385,0.3849100568111971
2020-04-24 05:35:00,0.059433756696687726,0.32644699042974895,0.3060821232106938,0.1537433231739199,0.03075270775452271,0.0467972071497578,0.044412831793204176,0.35774867740170685
2020-04-24 05:36:00,0.05685843813535514,0.42796735739750447,0.3006454728306648,0.16359486067609824,0.02589940306906061,0.03286610156120062,0.035935221359400624,0.3830950616003661
2020-04-24 05:37:00,0.05437056734449371,0.3278567894840901,0.3131005417163115,0.17113367739971655,0.021226484328527775,0.03200062048594654,0.03301492887090522,0.36595446850670205
2020-04-24 05:38:00,0.10589886580876545,0.35439065314247803,0.3063058221080072,0.16167411737555695,0.02036187770946989,0.030801256414444624,0.02857989234331688,0.39123346591300323
2020-04-24 05:39:00,0.056025942977787256,0.3562875830908618,0.3192324901560749,0.1585210017727776,0.018617815308070745,0.027458707709517614,0.02668601848081443,0.3880245395894015
2020-04-24 05:40:00,0.04877074132744495,0.3287256784434203,0.31467389764739273,0.16596587815870262,0.019867252996482468,0.032962732194571416,0.028608791272969114,0.379748144893974
2020-04-24 05:41:00,0.07018090607186352,0.3381283495201935,0.2983211110653983,0.16406518380508134,0.026331178884128947,0.04246414777371006,0.03921835615416801,0.3672525330532525
2020-04-24 05:42:00,0.06863767901533871,0.33397832500832497,0.3133595986068249,0.17920985786011442,0.01751538818126383,0.027111711133384234,0.02554289848933138,0.3763629289772357
2020-04-24 05:43:00,0.036225853596503446,0.30524399523736634,0.3210876111251392,0.15905357871451997,0.024190189422845853,0.03132292554644692,0.04275109407127732,0.3583822660324528
2020-04-24 05:44:00,0.0789565272982995,0.29189029992511,0.3086776858443137,0.17539672502015827,0.028168580842270512,0.04169230154731272,0.04200169116730383,0.3331733756854125
2020-04-24 05:45:00,0.0584479794426441,0.3413838558122095,0.32291156800233806,0.16073183682601666,0.02359324668157409,0.02964583582924055,0.033131637775162676,0.36905297143356386
2020-04-24 05:46:00,0.07586649282705829,0.3434765554110791,0.30496955076809656,0.17309857095351927,0.024741816162834433,0.034090941587469455,0.036135011565272976,0.3670314889516608
2020-04-24 05:47:00,0.07566357418779901,0.3717839944293431,0.29912911127808745,0.16027381377488234,0.0217624038389384,0.03133755902328891,0.03216694752393059,0.392915366809497
2020-04-24 05:48:00,0.0915792549500861,0.33068500443106535,0.31479999748410803,0.1561227422250661,0.021943128686237386,0.038852821815708524,0.040285263092273677,0.36682361766810606
2020-04-24 05:49:00,0.051557776761028795,0.2975656389680779,0.3275175462079393,0.167576007727544,0.025276487558172897,0.03177297362112139,0.03318590860317538,0.35520671562450634
2020-04-24 05:50:00,0.0707790095006004,0.3215466099557007,0.320343950245378,0.17300935599383477,0.026853407566918678,0.030298790435769274,0.03536078827808284,0.3597061266549502
2020-04-24 05:51:00,0.04820463297836715,0.31725584430805964,0.33350211134640195,0.16678897782429297,0.024713502229307283,0.03424980190205053,0.03360080748949903,0.3492310321595088
2020-04-24 05:52:00,0.08918482532037542,0.32228151281020134,0.3064939178641863,0.15259147601246978,0.03307329228532258,0.03957132753735785,0.043122354366192384,0.3673781811213882
2020-04-24 05:53:00,0.04734115710678211,0.3854941611886056,0.3197213025548047,0.17121741856368586,0.021387720283328963,0.025805262232555776,0.028526445019851163,0.37208559988368334
2020-04-24 05:54:00,0.05700445824636672,0.3521456804879424,0.3178723853889096,0.16270291149970337,0.017595512656654457,0.02624902489042711,0.024997892399888498,0.3894877001643173
2020-04-24 05:55:00,0.0562827501408409,0.3207401930261519,0.3005386455774336,0.15206746730677567,0.02748071622888866,0.036295741649754194,0.047253037626684195,0.3742415263964983
2020-04-24 05:56:00,0.1071153453729211,0.3381954951146869,0.2992639517176554,0.14953295860775115,0.028803616069416324,0.037616920703248465,0.04094790299155373,0.38427010483362384
2020-04-24 05:57:00,0.0823913428820836,0.3506392184632926,0.28950869164098686,0.1544608340059144,0.0291324150153419,0.045865773552739283,0.042302311615600274,0.3772534028316498
2020-04-24 05:58:00,0.10563170432962099,0.33521470427720423,0.2816798463083195,0.15219296295254026,0.02235676470969139,0.035808175705274184,0.033733024094531154,0.41216196014712964
2020-04-24 05:59:00,0.054974490690636514,0.3247440247830873,0.3197941406292052,0.16981639842308344,0.025224923874988845,0.029147082590588822,0.030302999284047734,0.3755967273803736
2020-04-24 06:00:00,0.08082266465091667,0.3522052264206735,0.30710925358483115,0.1566403919513231,0.024268476499744316,0.03728038886045642,0.034182535776423724,0.3782313113172753
2020-04-24 06:01:00,0.05627591872576443,0.33737314354598313,0.3135672233927633,0.15316824074752844,0.028981805900137658,0.045357982450479506,0.04380992861078864,0.3525909538393769
2020-04-24 06:02:00,0.08295773164386304,0.2892898251383652,0.3193556892296408,0.1636926535812052,0.018861194342765154,0.027367031387454655,0.02808676772156789,0.37777544275422353
2020-04-24 06:03:00,0.05988958656237118,0.3360822854394281,0.3209990307269618,0.1659848594504874,0.02558722827808225,0.029583710850450872,0.030610073530031628,0.369018446528818
2020-04-24 06:04:00,0.03428475946741374,0.33399513338279163,0.3178453992654737,0.17542378549179272,0.02339764260205048,0.030341977017949634,0.03390981275081741,0.3576578346694093
2020-04-24 06:05:00,0.0983568373363695,0.35019268494122285,0.30736204579183884,0.1586149134844227,0.021348161040143376,0.03464656561875781,0.03118301981392385,0.3847385282343665
2020-04-24 06:06:00,0.07827385233084445,0.3586211399488301,0.3101179578981072,0.1516096262430792,0.02410473065650637,0.03661917651183186,0.035419109898751786,0.3799686302225308
2020-04-24 06:07:00,0.11390592723505286,0.33069716121317105,0.3061347476981484,0.1579838394380078,0.02574309973251602,0.045656451507293555,0.03707191848778162,0.36700761924529846
2020-04-24 06:08:00,0.06971811117123618,0.2948031307447426,0.3079560698361571,0.1509276350292279,0.01886254047835896,0.029255821594257502,0.025588565610913418,0.40952811752886836
2020-04-24 06:09:00,0.09009924761150252,0.308963686096039,0.31259671707232056,0.17448990697762473,0.023160467227127765,0.029988543082298764,0.027651303197933505,0.37270344329809135
2020-04-24 06:10:00,0.06756272139828232,0.3314122550189231,0.3245251260732123,0.1609884809266613,0.020785321289271515,0.02700606537877511,0.028734808953894228,0.38096235993538097
2020-04-24 06:11:00,0.0776357441900205,0.3153108465608467,0.30970265684759635,0.1546054697521054,0.016428317883002592,0.028354340075240788,0.024847195970410383,0.4088248044358142
2020-04-24 06:12:00,0.05483725154532607,0.3244730505289512,0.3133912752664457,0.16580247332942846,0.021156468174410924,0.03441770751779199,0.032663322939264855,0.3680622800512187
2020-04-24 06:13:00,0.07605156007961127,0.293151440823685,0.30159999255923275,0.14986903362038478,0.023891461224233655,0.03927245709529079,0.03723887592545406,0.38713460609199424
2020-04-24 06:14:00,0.032119793306009066,0.3177635840187211,0.2976901268669293,0.1478011443157886,0.022179295466324956,0.03391649529000588,0.038352806247686416,0.4026034634778816
2020-04-24 06:15:00,0.043027832062731024,0.29365910641808834,0.31751730780899357,0.1598911793025219,0.030912305442111092,0.03638129537117986,0.038240759713941065,0.3622929837570718
2020-04-24 06:16:00,0.06151345135720136,0.32455216580216567,0.31190290871322884,0.16070016397163664,0.02358338014215633,0.038028914552323975,0.033348224139611145,0.37425528844579325
2020-04-24 06:17:00,0.055942987137383694,0.3357682922441544,0.3205298777346515,0.15394453440525907,0.0200075996917074,0.027039761697761636,0.0282701405942256,0.39219526875450966
2020-04-24 06:18:00,0.06765041769835804,0.37334300041889323,0.32427081385824774,0.15671069509486793,0.028874638742965038,0.030096895142864528,0.041951077828905385,0.36547289420030316
2020-04-24 06:19:00,0.08106744811162105,0.3572523350448633,0.3357620137012538,0.16832413848497277,0.02198658564976388,0.027658717070734366,0.036995820420581874,0.3486243399230784
2020-04-24 06:20:00,0.051878149694221116,0.36950512704520644,0.3086384934594389,0.1618585751832385,0.02895580772654114,0.03742240912820459,0.041333564844718465,0.35877370543777903
2020-04-24 06:21:00,0.0504614032127681,0.34244020319316043,0.31907566111634195,0.1627704196475716,0.02276562668452417,0.03216152715076185,0.033209514511132535,0.3688627465384869
2020-04-24 06:22:00,0.06080713076861844,0.39584518474483255,0.2966064412219816,0.14565752485908323,0.02570074983277718,0.03890026563604385,0.03856933048102252,0.3900157833906604
2020-04-24 06:23:00,0.0852375967653745,0.37507093492136223,0.30814288968208414,0.16407604833953401,0.028997313300577296,0.04115057261603405,0.04033797360384684,0.3580106028124814
2020-04-24 06:24:00,0.0567863866143905,0.35898966200322774,0.31424728272818464,0.15975538229429012,0.020860241215498367,0.031096360619425143,0.030760023753519685,0.38402847656907907
2020-04-24 06:25:00,0.0661365357047923,0.32209837053175877,0.3053232906010611,0.15726532826695466,0.02018014531304843,0.026032632141548998,0.034642769596120095,0.3940829961127164
2020-04-24 06:26:00,0.05451695878918388,0.318272598989454,0.33061038599836995,0.15347452397670147,0.02090616446772287,0.0278384799078614,0.030575083354116787,0.37876623845407437
2020-04-24 06:27:00,0.08158047479358571,0.35115654500052995,0.3094896665921774,0.15574393375403392,0.02292289703911303,0.03320335132519538,0.034947583960205406,0.3842241822652642
2020-04-24 06:28:00,0.10197202299426879,0.3391360193478838,0.3205416931007876,0.15476100913058302,0.023485802495960842,0.030662762083313852,0.04108425829634905,0.3707299272730048
2020-04-24 06:29:00,0.03481923203182329,0.3238399362532574,0.31255284309927645,0.15173183852200392,0.02355301803666985,0.0319897211291938,0.034463092874736305,0.3865733616556256
2020-04-24 06:30:00,0.11541202481487847,0.3359353123215503,0.2980697485693562,0.150313029976791,0.026555682653814226,0.03493531807108129,0.03609955020332117,0.3985300523325279
2020-04-24 06:31:00,0.04078834830843761,0.331683183549255,0.3263877764342723,0.16727447920278884,0.0255275603849224,0.03583915592617597,0.03493769692097915,0.35392382623215823
2020-04-24 06:32:00,0.0658356148956037,0.31289530863556825,0.3088338523499591,0.15473249784306312,0.022273655433015807,0.03120243635439156,0.030910953073874883,0.3894453388351048
2020-04-24 06:33:00,0.066459609854777,0.3478202433871038,0.3062677902075107,0.15929538938101803,0.02511009245497919,0.036747994196433584,0.035275397953789756,0.3769124301656693
2020-04-24 06:34:00,0.09757143064811649,0.33369042872332355,0.3085952376000604,0.1684523456048525,0.030668591270191104,0.029344376785489568,0.03346155109710758,0.372237268754778
2020-04-24 06:35:00,0.09896138621509468,0.36874423580990023,0.30470173439888515,0.1505506764747397,0.034495407118465826,0.04182184386049625,0.04721708536228024,0.35566709322642603
2020-04-24 06:36:00,0.053183090230664844,0.2895171867933062,0.3136778068155356,0.15410196032256077,0.031234741005815476,0.04080739663520799,0.0407890948231003,0.362537404719945
2020-04-24 06:37:00,0.06219142335530063,0.3730587264822934,0.33318520356325587,0.15687619572237302,0.021089322536747956,0.03193397236049919,0.030906395100698127,0.3668714145541035
2020-04-24 06:38:00,0.05118247032855697,0.40271413090393166,0.32017670443953605,0.16576141687209142,0.025916258760580346,0.03271280786451122,0.03889969348263852,0.3500426252048878
2020-04-24 06:39:00,0.06539602925809822,0.388742847191123,0.3456578088041138,0.17151980750856857,0.01567330253760263,0.021589704893893738,0.023023483873416337,0.36156842695019187
2020-04-24 06:40:00,0.061206218816835446,0.38973359592033036,0.321409652722962,0.15849419710367718,0.028403998484715004,0.04380960666179407,0.034645261270299495,0.3566173553242279
2020-04-24 06:41:00,0.0654827993893966,0.3695210982433205,0.31335404229014074,0.15563118295998452,0.02433612443744261,0.03542858261236932,0.03133609073053831,0.3839446347422405
2020-04-24 06:42:00,0.10116476843262556,0.31698683351596874,0.32819501850488514,0.1640631879280064,0.022627020398080434,0.030321154100559612,0.032824751189322696,0.36143389349934024
2020-04-24 06:43:00,0.0896927015236702,0.30088487968869576,0.3247748812286212,0.16454597237854415,0.022565532962878554,0.02839280413562479,0.028640366580128238,0.3705943189481627
2020-04-24 06:44:00,0.08196527344520231,0.33920762116880143,0.2946102945783231,0.16304091531117207,0.02596460855433419,0.036461016492793964,0.034809429300824916,0.3866101518585714
2020-04-24 06:45:00,0.11168648320151486,0.3613256384379802,0.29750208011383517,0.15704525090377155,0.03170095767511258,0.04287039758685548,0.04323215799820086,0.3648086476041726
2020-04-24 06:46:00,0.10485844623483516,0.3669540290984735,0.3171812956842283,0.16398475045829805,0.03187406166867054,0.03311804677024384,0.03632957514523948,0.36351631838931786
2020-04-24 06:47:00,0.0592275974025974,0.37009367679367683,0.31768544249494585,0.17100248648195113,0.02568416134939142,0.03761454982380929,0.03436079065828493,0.353245431703285
2020-04-24 06:48:00,0.1054163810726311,0.3894320799026681,0.3044695833672235,0.1488991725287633,0.027835940878823538,0.03711213144320779,0.03638687009101962,0.38777785697431144
2020-04-24 06:49:00,0.07672317243584603,0.3545312898264286,0.329825166972215,0.16235504669374576,0.022169828318534462,0.030464483805823325,0.029324252532811162,0.37044187872136897
2020-04-24 06:50:00,0.04283284508563525,0.33191574543732283,0.30335752150356365,0.1696626191212653,0.02077712079844191,0.030462283098519855,0.030161507820364298,0.38933702804137016
2020-04-24 06:51:00,0.04869341146980827,0.34812962850841633,0.3137796219935725,0.17106811433845767,0.017239023636061057,0.028308478281501542,0.026345903120532414,0.38055849143049897
2020-04-24 06:52:00,0.035042065148570244,0.36537535268019944,0.3117367465306675,0.16853091296592798,0.018516537537243416,0.026986535602927526,0.03316120256010596,0.3734963156399307
2020-04-24 06:53:00,0.06873127158060194,0.3437433196763555,0.31529099616184664,0.17513935090786878,0.020885389668334906,0.02935853335100254,0.030526067156008654,0.3689896712678343
2020-04-24 06:54:00,0.03460298193723608,0.3327072520787992,0.3003097523077139,0.15612788575173045,0.035721282253834925,0.04009998489131266,0.04705501598347117,0.3597916507912091
2020-04-24 06:55:00,0.06618300701949026,0.3357060221913161,0.316242986968612,0.16114077985693095,0.029143105407925654,0.03999328953778094,0.04303114949958237,0.353528147498282
2020-04-24 06:56:00,0.07231899585179727,0.3823248616697197,0.310616339531149,0.14697652120318855,0.026751281116874776,0.040903302795026346,0.04437989296780049,0.3608769837955543
2020-04-24 06:57:00,0.06221413297010723,0.3924510792176234,0.2985889839444152,0.16904683771067272,0.01864102314215465,0.031603264623826614,0.02849508393619918,0.3894923356856446
2020-04-24 06:58:00,0.04223051359414996,0.3036739396966669,0.310097991249327,0.15031332527830712,0.03047945117961318,0.03464356647653064,0.04534939041360789,0.3725255449641154
2020-04-24 06:59:00,0.05463636835977261,0.345193203499941,0.3155418960451882,0.14855909256765318,0.035219453383165684,0.04387879028582975,0.04547531154008967,0.3556108702339904
2020-04-24 07:00:00,0.09671753525110005,0.3480571117554143,0.29974656239803016,0.15071912635854168,0.027661893574920104,0.03931919069801233,0.03942925150194206,0.38287495405781063
2020-04-24 07:01:00,0.08507801104375921,0.3730623372505299,0.3063411185869662,0.16102096440904304,0.024528171884836216,0.03469518956634869,0.035982706835294614,0.3761938861219994
2020-04-24 07:02:00,0.10844234010903565,0.3454661032256386,0.30320701121187105,0.15731061988844885,0.029410473268551875,0.03907319972759113,0.04151891706751143,0.369570862311978
2020-04-24 07:03:00,0.06165696735195051,0.32287430469237405,0.3104896981362484,0.15919217184885626,0.026402926069655927,0.03361509245356439,0.03677317029104378,0.3737774269409244
2020-04-24 07:04:00,0.05182238387743057,0.3163800567248844,0.31485117129625584,0.15884487453132906,0.028212733397946638,0.0422567711178811,0.04348707870619855,0.34534059918817345
2020-04-24 07:05:00,0.06020131839503944,0.3083872240585203,0.3171853172204498,0.16084751502323882,0.030608552553730132,0.034583452228437984,0.04739580391420643,0.35327233292520277
2020-04-24 07:06:00,0.08505498915620598,0.3241429624947324,0.2958051220410568,0.15045783192332576,0.03142154408308191,0.04347575658424583,0.053444970196930154,0.36474434712559634
2020-04-24 07:07:00,0.09473396164021165,0.3334679834054834,0.3017229558798944,0.14913172784446133,0.03253887374050123,0.046499082078024556,0.05159951885224988,0.3591545865664043
2020-04-24 07:08:00,0.06963932243916421,0.3003616855483944,0.2988644802220319,0.15268583270984823,0.035981331087209904,0.041620886992929394,0.05834466561108015,0.3556602027015228
2020-04-24 07:09:00,0.07658782114624504,0.31972289033430346,0.29908538813153585,0.15264712559513535,0.03274337821408819,0.0401648567505116,0.047403116240410346,0.36736390522950446
2020-04-24 07:10:00,0.0839295240969348,0.3462588436695581,0.3024619481026433,0.1566696962437453,0.027398596188606045,0.032703620529163854,0.03805866403162415,0.38304553783861967
2020-04-24 07:11:00,0.07303452823885516,0.3446075879248956,0.30474520527138593,0.148049825842108,0.02336709892176676,0.0385672187119494,0.041492559850754895,0.38053570586742597
2020-04-24 07:12:00,0.06783225463994697,0.3089583230160153,0.31289294401997686,0.15278607976848735,0.025823442007520066,0.031996808569278785,0.047469857157632224,0.3680125701705476
2020-04-24 07:13:00,0.06466970844811759,0.2829633107178331,0.30117140162853395,0.14731933409501682,0.0223985714511613,0.044881313578476786,0.04528028351525088,0.37729085022779796
2020-04-24 07:14:00,0.054272638388425984,0.3462816855591423,0.29820706595456753,0.1604309579679834,0.032554919942343205,0.03662251261014696,0.04168577591522041,0.37601345723677887
2020-04-24 07:15:00,0.05246837391998683,0.34278727171872325,0.2952270974404797,0.1485374513192832,0.045084305020176206,0.04430883387499582,0.05113523114066605,0.3655301233145188
2020-04-24 07:16:00,0.08751159867068958,0.35280325889038017,0.31350925330859325,0.15513438400327384,0.026230140846707706,0.03870410995361908,0.03443940213392547,0.37506483653278033
2020-04-24 07:17:00,0.09588139043496186,0.35493840355641604,0.31228695280910673,0.14985348502939036,0.0224346545790625,0.03454895987216182,0.03526359583866551,0.3807700132175276
2020-04-24 07:18:00,0.10134506527403535,0.32603949173464486,0.2857127057354124,0.1564694571879088,0.028660931164098243,0.04828450651153509,0.03993955039076743,0.3814608336657014
2020-04-24 07:19:00,0.05196147310936968,0.3377736072951495,0.31512328001700457,0.16098569201504845,0.02843292863829912,0.036638390679522785,0.040516837482880486,0.36134701279315806
2020-04-24 07:20:00,0.11184453443382011,0.3674173610780753,0.29637334947855687,0.1506149498713817,0.0310491938353086,0.04728133590126627,0.042464057211904375,0.3717306111734554
2020-04-24 07:21:00,0.0653172069479861,0.35246620046620036,0.31590991450994477,0.16077788618784816,0.0249319881005388,0.03125453845002467,0.03805887670632143,0.3719175461032001
2020-04-24 07:22:00,0.08398460046897552,0.34261402680991093,0.299953131984849,0.16005813346722922,0.02960383020097266,0.047800270038092035,0.03995593085038624,0.3629456918754766
2020-04-24 07:23:00,0.05022329704822174,0.3454863697213097,0.3130035665284573,0.1504057316501914,0.02641272751821412,0.03178158199061785,0.03327163897258969,0.39165474678226975
2020-04-24 07:24:00,0.09996104743169663,0.369908420564498,0.3072593719867323,0.15473787981053,0.029845846491952304,0.04603316316982496,0.04330308750125703,0.3593032242040757
2020-04-24 07:25:00,0.0884904585457349,0.33770018623661835,0.31827611981916837,0.15909319492021864,0.024040230442753194,0.03134323525122124,0.03440288628815848,0.37337784462926604
2020-04-24 07:26:00,0.05362867002375931,0.32314390966176665,0.30702392609356927,0.15224088205518405,0.023247093259040112,0.03304333050885919,0.0340915748589039,0.3932085773283307
2020-04-24 07:27:00,0.0955543394692447,0.35087655369816445,0.2889023146972806,0.139614507628053,0.03452976969444889,0.038843080458122625,0.044045923123192374,0.3957678203890329
2020-04-24 07:28:00,0.09550676790561187,0.34170102430218047,0.28510451367403505,0.1489528707663308,0.030009337058069775,0.04628583308627874,0.04180443117734444,0.38776649015745596
2020-04-24 07:29:00,0.08493543286453736,0.3515309186391275,0.30467701391609436,0.16703643980231866,0.026394529896516503,0.040314446173480865,0.04233064505019833,0.3529318597964666
2020-04-24 07:30:00,0.07963687671093492,0.32774021812426907,0.31247657229943143,0.15155663776007314,0.02659587969139317,0.029089972973489586,0.03197728327791991,0.3880918235826337
2020-04-24 07:31:00,0.08519522172383615,0.3631448674596266,0.3074992810466193,0.16472694294077292,0.017843628386373427,0.028567413302608022,0.024357686813365968,0.3950337158089656
2020-04-24 07:32:00,0.026339388746775123,0.31944285260194355,0.30993126876983845,0.1506363399667228,0.02584757063189131,0.03628959614771981,0.03494775440271012,0.38557385348105044
2020-04-24 07:33:00,0.1024309219588103,0.33378123941861043,0.28270820008615866,0.14738883359541433,0.027693105837143094,0.04153609828640528,0.03957588468762907,0.39210189632907266
2020-04-24 07:34:00,0.04688657011471953,0.29609128484128483,0.31018572363737384,0.17833365678499732,0.01565441041128715,0.02837257552220526,0.02437431284649244,0.3775467258953559
2020-04-24 07:35:00,0.0944348510891025,0.3730628929102766,0.3026096712702108,0.16159704142731687,0.031056119202077338,0.03305980907580742,0.038510495286567845,0.3737952109185299
2020-04-24 07:36:00,0.08778913542066234,0.3488652859974062,0.31238747795338057,0.15405301570547325,0.019900586774656552,0.03198827200281572,0.0304268965301136,0.38318183248246623
2020-04-24 07:37:00,0.05158898474993399,0.33772934286021705,0.29690529671604865,0.1422884294679534,0.02352987803211614,0.03132712844333939,0.03584710575026715,0.4144777385686449
2020-04-24 07:38:00,0.08750227643309404,0.354408412895048,0.309159080644904,0.15390621011927738,0.02520524899252917,0.02986790114622287,0.03358480457613818,0.39212987717217496
2020-04-24 07:39:00,0.07949813092435275,0.38146150007052276,0.3180922196917166,0.16249082498245826,0.022670220503709287,0.03873415780359189,0.028891051491220288,0.3697590816037769
2020-04-24 07:40:00,0.05603687657081696,0.3526539460355685,0.30293243134237013,0.16289026122725267,0.02587094242677054,0.03827723043330341,0.03797661490146699,0.3701580234908105
2020-04-24 07:41:00,0.06370855716604114,0.3300312929038095,0.3049665454124403,0.1573259995796175,0.029664214761434975,0.040577346850564806,0.036552341649252765,0.370986316476436
2020-04-24 07:42:00,0.047537765622558605,0.3089774105936525,0.3063151438206434,0.16899045510539637,0.02181144813198989,0.03554097327100341,0.03155310068810721,0.37298122473701706
2020-04-24 07:43:00,0.08734222358977264,0.3162456792481301,0.28408716701888137,0.15225150404662333,0.029886701908833992,0.03287858035423002,0.042134615465320345,0.39919385056352213
2020-04-24 07:44:00,0.05781845130086148,0.3385012406644144,0.296910192691972,0.14926832531323353,0.02623894823385208,0.03325207469597298,0.03601519575895178,0.3996016750705395
2020-04-24 07:45:00,0.09762206261116152,0.31316339264740417,0.30694857257794655,0.15460339458023067,0.03310459596294899,0.038145495982183544,0.0435174756690435,0.3674444549359625
2020-04-24 07:46:00,0.07591297057643213,0.3783106654741271,0.32898883473923013,0.1521169662600612,0.017219401737348202,0.02152164810483885,0.022607333098477258,0.39876549742556533
2020-04-24 07:47:00,0.04701862738401202,0.3198139316304997,0.3262807053362967,0.16399600575750378,0.02241688926272753,0.03239913951377752,0.031841268299641574,0.3612280619566977
2020-04-24 07:48:00,0.05888583148109357,0.2975079365079366,0.30603665463746554,0.15570237275744384,0.026074792817758846,0.03409995476288332,0.039120841720404545,0.3782705079268415
2020-04-24 07:49:00,0.09285937334213988,0.3245887339784399,0.31183981055963905,0.14383399717095444,0.03175815338672079,0.04756829777916611,0.04436705001899517,0.3626517773732567
2020-04-24 07:50:00,0.10838658019792276,0.3862272240410101,0.3129001707081589,0.15408740480761704,0.019963975864813115,0.035505932781557316,0.029919081781392808,0.3859961682579892
2020-04-24 07:51:00,0.1106776304503577,0.3856242032378397,0.3147881674387743,0.15122574885443774,0.027757295205350165,0.04459218751799119,0.03905162187615524,0.3628573319333329
2020-04-24 07:52:00,0.05169715384395076,0.35805574862060785,0.2894465393834061,0.15056593837206284,0.02542683770819382,0.034586243450243734,0.04201437962659468,0.3996157624148786
2020-04-24 07:53:00,0.07440637946283105,0.30546842076680797,0.3003734945556179,0.15172021293190247,0.019665005381775305,0.025570896811545788,0.0267632978554471,0.4153942097218762
2020-04-24 07:54:00,0.08257962828988641,0.3724833372897231,0.3112920981574976,0.15544797822060544,0.02871980107095966,0.03357579382578311,0.03442696027929832,0.37976459762000464
2020-04-24 07:55:00,0.07238456735624137,0.36730816589734716,0.3178931283219908,0.15695470688077934,0.022198600175324764,0.0316570402664654,0.03151214093929517,0.38003080011459783
2020-04-24 07:56:00,0.053955343185253885,0.3697870606575962,0.3211398877054827,0.16388607246067077,0.02310557587071423,0.02541386837551094,0.029040120551801184,0.3815405200806528
2020-04-24 07:57:00,0.08777916883686114,0.3625378787878788,0.3001337443545913,0.14691685663881304,0.022141665964642177,0.03013461417659163,0.033366572243084695,0.4090880845117475
2020-04-24 07:58:00,0.10740042522797338,0.37388760145983246,0.2890901791891266,0.14616112011310506,0.02612448717285228,0.02871165029447258,0.032704035833256595,0.41739134781724396
2020-04-24 07:59:00,0.06401260548574333,0.33513016822092173,0.3147314583240013,0.16081985396975715,0.031224287966940708,0.03452923212872109,0.04107176067617969,0.35596118969459956
2020-04-24 08:00:00,0.09458447520464454,0.32090991213544584,0.29397784140800537,0.1384675986080901,0.02780050406792236,0.03903002665588099,0.04438447561775544,0.3961075242584731
2020-04-24 08:01:00,0.08277807422772702,0.36324372361177926,0.29488832374017876,0.1479904503805503,0.03282629599849844,0.04109908713044316,0.04646747633867494,0.3816675079077764
2020-04-24 08:02:00,0.10575319598897444,0.3789236304281216,0.30634301437764194,0.15768838597310486,0.025908677804801765,0.043076538872728797,0.035264462237331894,0.3697159416125915
2020-04-24 08:03:00,0.0986003502099181,0.3501185072357911,0.291776720384843,0.1390255056739854,0.0278154972860581,0.0340954442291739,0.03941080300080452,0.4101292913861468
2020-04-24 08:04:00,0.09033909363593068,0.3421498951395543,0.293839748977279,0.14685269266202958,0.023187608880566292,0.045165735769566784,0.036371870589922604,0.39244305252192635
2020-04-24 08:05:00,0.04077037027834222,0.3203606497079074,0.3062660168105226,0.14902686126636885,0.03213395916424573,0.04025770656629187,0.040714092405475334,0.37574523190657283
2020-04-24 08:06:00,0.09985238729697306,0.36673847443469537,0.3099510890327131,0.1609175695509272,0.03236623587118041,0.03597610278867154,0.03693435539774734,0.3655317660744653
2020-04-24 08:07:00,0.08442033711369648,0.35135943888287624,0.3258364246248561,0.15815023558114943,0.023934839053297984,0.0417259273548332,0.036378350265785994,0.34729219732098465
2020-04-24 08:08:00,0.09712335472812349,0.37390858071493904,0.3057292633445333,0.15094294733994687,0.02620496456716443,0.03681432110665199,0.03679773000597882,0.383945825439743
2020-04-24 08:09:00,0.07511960346909326,0.37576494046391995,0.2900716284461015,0.1578554715210854,0.02933242584269751,0.03988263494069493,0.03941541882203831,0.38427134648877714
2020-04-24 08:10:00,0.06954666152893443,0.32548971133402466,0.3250434595144363,0.161419353648897,0.02042811594742556,0.029004889672086552,0.028136942896471104,0.3751570045822566
2020-04-24 08:11:00,0.09148474400046726,0.3393818883189952,0.30339739277401323,0.1441303077171708,0.03029261608308659,0.03876440645321442,0.0470130572655159,0.3830132728827669
2020-04-24 08:12:00,0.11780313186042346,0.40829192797942804,0.31269139065716445,0.16760648474773449,0.02127703829215509,0.04094718382280368,0.030162075846204808,0.36608763845623893
2020-04-24 08:13:00,0.09370489451475654,0.3955339597271414,0.30299125379353914,0.1506190476046596,0.027927695902863106,0.039825924153383506,0.03936965666001828,0.37226668030742444
2020-04-24 08:14:00,0.08827140586198558,0.3895705780397808,0.29149128675597213,0.14895296004209924,0.026021102927354905,0.048177588617668056,0.04576244034573667,0.3802539705563725
2020-04-24 08:15:00,0.09300814265099976,0.3585809499632251,0.2958686830204599,0.15337468879400548,0.024803864732953616,0.03602629369622983,0.031709480744161606,0.3996323128105031
2020-04-24 08:16:00,0.09017640998487773,0.36150893461377326,0.2874710159193191,0.1512406023940721,0.03231161847459703,0.04023128079244414,0.039542351172604226,0.39380951279834353
2020-04-24 08:17:00,0.06557999674206072,0.30801094975222887,0.3030612785311627,0.15397137568398583,0.023916884551703835,0.03699265211328792,0.032770446988643724,0.3838386449016628
2020-04-24 08:18:00,0.06800778020122346,0.3079039390228041,0.29895536514017673,0.15522503995872602,0.029007352882291212,0.033366766676818004,0.03859818805409942,0.3850816781718303
2020-04-24 08:19:00,0.08865659803159799,0.3669714427036912,0.30774006848824526,0.16231745109534665,0.025558507509094087,0.031662248543035745,0.03858819039469854,0.3739097812681415
2020-04-24 08:20:00,0.06532851171706991,0.35658456593377236,0.3206770322156242,0.15508205101743067,0.02619809242661116,0.02926857844475337,0.032664699428832614,0.3777169287971601
2020-04-24 08:21:00,0.0941023717753981,0.366834056927478,0.3104683598877225,0.1689136983361861,0.02270515522661118,0.033158245227479566,0.03425873334591583,0.3673872192586326
2020-04-24 08:22:00,0.11288758246587226,0.3803087130723756,0.2975568325897904,0.14938918371704774,0.029559863249806508,0.03846847715570391,0.036945298645601164,0.39229817549196355
2020-04-24 08:23:00,0.08262074615199617,0.37571531986531964,0.30694641755722235,0.159377359032369,0.021564370139977623,0.03955177538863457,0.03157157143241534,0.3749425436661111
2020-04-24 08:24:00,0.11240590836347014,0.3667337857615635,0.2983482776675104,0.14414351236161935,0.032626551732135474,0.05212346415784382,0.04227970992385498,0.37570533897213176
2020-04-24 08:25:00,0.10210341741591743,0.3689140116156244,0.3108993133427375,0.1541380022254382,0.02934228656140723,0.04331466354417004,0.039606886731161334,0.3660051139892746
2020-04-24 08:26:00,0.08106377398795755,0.3495243920843235,0.3030009188805707,0.16726339711390648,0.02670536069615167,0.03432257631338372,0.03575116504609822,0.3741215385292488
2020-04-24 08:27:00,0.07214768790512835,0.3633417684608161,0.31279883186107327,0.14753472708105705,0.022195428122675814,0.035808555381074365,0.03240301786248311,0.38817197914960094
2020-04-24 08:28:00,0.06378898112301923,0.3652322191257181,0.3165817104865794,0.15287643698870534,0.02081479197558256,0.029887067574716288,0.031614988338165485,0.38760318260553245
2020-04-24 08:29:00,0.0789780663780664,0.3249848062431396,0.29334366124588995,0.15484074496208147,0.02449036567655668,0.037140695133075496,0.03503338007923465,0.39635718755423976
2020-04-24 08:30:00,0.10031055063668229,0.37402308640528803,0.31879672216425875,0.1500384449419422,0.018468169804985262,0.02633041721702149,0.030647014283037257,0.39786399173604853
2020-04-24 08:31:00,0.12356879058441558,0.40860903565492174,0.31148224504965893,0.1501862257350637,0.02045400130226796,0.031212818089617265,0.028999658362775235,0.4009729966991342
2020-04-24 08:32:00,0.09261094775245714,0.34618970913782227,0.3004749789197033,0.1567605750174181,0.0301361601383433,0.04062775599335861,0.03976961474758867,0.37138319557163585
2020-04-24 08:33:00,0.10697943117788895,0.3126537952187302,0.2917467761162609,0.1575157414035857,0.033497803590755264,0.04219402281385621,0.04958311614577997,0.35264435738333405
2020-04-24 08:34:00,0.08268557938259927,0.3465179746057229,0.2984072925811649,0.1457229779473512,0.028242742271680155,0.04176565251145935,0.03844192268896579,0.3832351373769152
2020-04-24 08:35:00,0.09112455473802053,0.3403334233714435,0.30376926372580537,0.15366190865734097,0.03269041141495126,0.046075628107446386,0.0477032032446621,0.3572386413722016
2020-04-24 08:36:00,0.045472227478554166,0.288530174665144,0.310214130996735,0.15904385060985413,0.020540770959643535,0.03248666551091608,0.03147555624633914,0.384028450938004
2020-04-24 08:37:00,0.09546269168865325,0.3773619614004227,0.29841040267151664,0.15558902449851109,0.024929815023060777,0.03465980413413434,0.03402530885647973,0.3948588209370005
2020-04-24 08:38:00,0.06674795255450017,0.37032101408291895,0.3155095177176658,0.16286239628286803,0.023935050026804867,0.03926919516646876,0.03443142320247344,0.3584515428436642
2020-04-24 08:39:00,0.06760689781240936,0.38940361187014366,0.31445881908388995,0.15556346018393757,0.024535600614337898,0.03364696427428092,0.033237318749288855,0.38003827901205534
2020-04-24 08:40:00,0.06358826747565974,0.329306111885135,0.3152416073168553,0.15567555447509138,0.02157192530569286,0.03375389319064757,0.030363023595290917,0.38252980216010146
2020-04-24 08:41:00,0.09562859400614507,0.37640516116536527,0.3230039572175339,0.16610122704918046,0.025497750367518758,0.03032713969353726,0.032143389344480355,0.36335755278654097
2020-04-24 08:42:00,0.05063152263479838,0.35271556814054483,0.30066338510444546,0.14760911659677378,0.02541044980666553,0.03199595694328976,0.03522360151208483,0.40370704983618017
2020-04-24 08:43:00,0.03265714578214578,0.34859848484848477,0.3179623166530242,0.14867761435075286,0.022622526996033523,0.02565068425944578,0.028773285928542863,0.39979689721351497
2020-04-24 08:44:00,0.09325134842564033,0.35278211935728265,0.3093838816313864,0.1654241809435417,0.01822910285675577,0.026199792950417952,0.02569642267305743,0.3949178399276906
2020-04-24 08:45:00,0.11353282291451934,0.37700013384983627,0.3066251562323443,0.16338486481089648,0.01939649896477055,0.03558431888604711,0.025469668506073413,0.38724222054172797
2020-04-24 08:46:00,0.0731459624458179,0.3682307472820479,0.31633044938133165,0.1635686940039731,0.017862318976789315,0.031762006294221275,0.02469192398569996,0.3876696135683889
2020-04-24 08:47:00,0.09053631553631551,0.33846685740486565,0.31563480529368415,0.16213707887844775,0.02421676977742235,0.03443055955400614,0.03266227307616857,0.37422353341158915
2020-04-24 08:48:00,0.04352452681998138,0.34090763403263397,0.2957726101612044,0.1401386116760312,0.02669760349889604,0.04073877263159578,0.0357791201431415,0.4030636085418758
2020-04-24 08:49:00,0.09519715371609314,0.30848127742067133,0.29971408174676595,0.15612753321959946,0.028207267923203973,0.04317622047234615,0.04385836111730975,0.3640359997008497
2020-04-24 08:50:00,0.07131876912674008,0.35220068076046335,0.3021470135800368,0.1540866972539769,0.02687988900357066,0.03401621966683197,0.03516057568544988,0.39087249662565116
2020-04-24 08:51:00,0.07154143618726952,0.3575249426499428,0.3278874333139457,0.16461939128833666,0.023808980357642066,0.03719957458735984,0.0362568504504257,0.346767460847816
2020-04-24 08:52:00,0.10362410643747934,0.3560427398486057,0.3081266458020103,0.14823674001518308,0.020134280580676938,0.032813119789960134,0.0308025507473833,0.4014757221181583
2020-04-24 08:53:00,0.06530750121670395,0.34057614483795584,0.3321236326550793,0.16413802567603136,0.01379490571749077,0.01911380844716307,0.019814015993307812,0.38930833948396587
2020-04-24 08:54:00,0.11002095269926151,0.32829302478567185,0.30191600892678305,0.15094607450817635,0.02228984801669168,0.03153415892799337,0.039467891502908865,0.3952892641810804
2020-04-24 08:55:00,0.03614926237208847,0.29148227275944666,0.3169131041635199,0.1530306076402548,0.03342790243182886,0.03732249072710288,0.043832229188423645,0.35875731977537845
2020-04-24 08:56:00,0.05810720108586529,0.38561710778570707,0.31308858763115094,0.15802235120465954,0.018387337492374593,0.024644896915616925,0.02359542135650049,0.4043170304374772
2020-04-24 08:57:00,0.04765793433675378,0.29828087254823377,0.31372058199526187,0.1508318320659075,0.024178882948609197,0.03279581287448173,0.03134132255541595,0.38939203170108727
2020-04-24 08:58:00,0.08523904377968922,0.36332948309255514,0.31594068805176956,0.1655612204012393,0.022491826338811055,0.027099168624232933,0.033660004261050105,0.37885290973521474
2020-04-24 08:59:00,0.0665823107375842,0.33595377439127444,0.31814613146687754,0.14736615477758697,0.023767771489307924,0.031029436713220015,0.03356270610706612,0.3878974267305147
